run,step,env_frames,collision,cum_violation,ret,filter_activation,min_dist,power_W
offline-run-20260709_200059-11mhspbu,1,2048,0,0.0,33.87074279785156,,34.753849029541016,596.2398071289062
offline-run-20260709_200059-11mhspbu,2,3072,0,0.0,36.616268157958984,,33.747257232666016,601.2669677734375
offline-run-20260709_200059-11mhspbu,3,4096,0,0.0,31.767841339111328,,39.633975982666016,599.27001953125
offline-run-20260709_200059-11mhspbu,4,5120,0,0.0,36.052833557128906,,33.6827392578125,602.7305908203125
offline-run-20260709_200059-11mhspbu,5,6144,0,0.0,40.01575469970703,,24.364408493041992,588.8046264648438
offline-run-20260709_200059-11mhspbu,6,7168,0,0.0,35.52566146850586,,32.24358367919922,591.3896484375
offline-run-20260709_200059-11mhspbu,7,8192,0,0.0,44.463523864746094,,19.6358585357666,587.7431030273438
offline-run-20260709_200059-11mhspbu,8,9216,0,0.0,30.069425582885742,,41.29800033569336,596.3070678710938
offline-run-20260709_200059-11mhspbu,9,10240,0,0.0,40.3278923034668,,17.494653701782227,596.8923950195312
offline-run-20260709_200059-11mhspbu,10,11264,0,0.0,44.494049072265625,,15.593421936035156,614.25927734375
offline-run-20260709_200059-11mhspbu,11,12288,0,0.0,36.71548843383789,,27.610376358032227,589.9819946289062
offline-run-20260709_200931-ze3qbq1g,1,2048,0,0.0,33.87074279785156,,34.753849029541016,596.2398071289062
offline-run-20260709_200931-ze3qbq1g,2,3072,0,0.0,36.616268157958984,,33.747257232666016,601.2669677734375
offline-run-20260709_201509-3hekkojh,0,1024,1,1.0,0,,-0.6789693236351013,608.9987182617188
offline-run-20260709_201509-3hekkojh,1,2048,1,2.0,0,,-0.6791627407073975,593.02392578125
offline-run-20260709_201509-3hekkojh,2,3072,1,3.0,0,,-0.6780951023101807,580.816650390625
offline-run-20260709_201509-3hekkojh,3,4096,1,4.0,0,,-0.6778628826141357,593.8961181640625
offline-run-20260709_201509-3hekkojh,4,5120,1,5.0,0,,-0.6783738136291504,611.2323608398438
offline-run-20260709_201509-3hekkojh,5,6144,1,6.0,0,,-0.6779302358627319,592.5902099609375
offline-run-20260709_201509-3hekkojh,6,7168,1,7.0,0,,-0.6785168647766113,615.423095703125
offline-run-20260709_201509-3hekkojh,7,8192,1,8.0,0,,-0.6774909496307373,601.7443237304688
offline-run-20260709_201509-3hekkojh,8,9216,1,9.0,0,,-0.6784203052520752,592.37451171875
offline-run-20260709_201509-3hekkojh,9,10240,1,10.0,0,,-0.6769041419029236,593.2325439453125
offline-run-20260709_201509-3hekkojh,10,11264,1,11.0,0,,-0.677978515625,598.3929443359375
offline-run-20260709_201509-3hekkojh,11,12288,1,12.0,0,,-0.67937171459198,590.1387939453125
offline-run-20260709_202108-pwc6nfsg,3,4096,0,0.0,73.97138214111328,,0.6456623673439026,601.9562377929688
offline-run-20260709_202108-pwc6nfsg,6,7168,0,0.0,78.21797180175781,,0.653854250907898,595.7003784179688
offline-run-20260709_202108-pwc6nfsg,9,10240,0,0.0,85.01631164550781,,0.5916077494621277,596.6468505859375
offline-run-20260709_202108-pwc6nfsg,11,12288,0,0.0,80.07772827148438,,0.6598120331764221,596.1708984375
offline-run-20260709_202641-75452hyu,3,4096,0.47826087474823,0.47826087474823,74.25567626953125,,0.16518625617027283,600.8434448242188
offline-run-20260709_202641-75452hyu,6,7168,0.0476190485060215,0.5258799232542515,74.60413360595703,,0.8101194500923157,601.1509399414062
offline-run-20260709_202641-75452hyu,8,9216,0.0625,0.5883799232542515,75.96002197265625,,0.7499036192893982,596.8814697265625
offline-run-20260709_202641-75452hyu,11,12288,0.08695652335882187,0.6753364466130733,75.6628646850586,,0.7005590200424194,613.6316528320312
offline-run-20260709_204630-s02tygfq,0,1024,0.75,0.75,27.314956665039062,,-0.08264109492301941,1189.43701171875
offline-run-20260709_204630-s02tygfq,1,2048,0,0.75,31.253549575805664,,0.45691266655921936,1172.5777587890625
offline-run-20260709_204630-s02tygfq,2,3072,0,0.75,31.935108184814453,,0.4890924096107483,1202.7518310546875
offline-run-20260709_204630-s02tygfq,3,4096,0,0.75,31.47362518310547,,0.5563750267028809,1186.0697021484375
offline-run-20260709_204630-s02tygfq,4,5120,0,0.75,31.142362594604492,,0.5111938714981079,1204.2923583984375
offline-run-20260709_204630-s02tygfq,5,6144,0,0.75,31.59418296813965,,0.5193313360214233,1192.4100341796875
offline-run-20260709_204630-s02tygfq,6,7168,0,0.75,31.886093139648438,,0.5635589957237244,1184.3626708984375
offline-run-20260709_204630-s02tygfq,7,8192,0,0.75,31.856203079223633,,0.5747764110565186,1189.6929931640625
offline-run-20260709_204630-s02tygfq,8,9216,0,0.75,31.520435333251953,,0.5753694772720337,1188.37060546875
offline-run-20260709_204630-s02tygfq,9,10240,0,0.75,31.543643951416016,,0.5103569030761719,1203.972412109375
offline-run-20260709_204630-s02tygfq,10,11264,0,0.75,31.893293380737305,,0.5392885208129883,1183.505126953125
offline-run-20260709_204630-s02tygfq,11,12288,0,0.75,31.534517288208008,,0.5630842447280884,1193.1492919921875
offline-run-20260709_205033-jf5e1amf,1,2048,0.4615384638309479,0.4615384638309479,48.259891510009766,,0.1670454442501068,1198.2257080078125
offline-run-20260709_205033-jf5e1amf,2,3072,0,0.4615384638309479,48.977359771728516,,0.6123384833335876,1185.6505126953125
offline-run-20260709_205033-jf5e1amf,3,4096,0,0.4615384638309479,46.531341552734375,,0.6838017702102661,1168.8709716796875
offline-run-20260709_205033-jf5e1amf,4,5120,0,0.4615384638309479,48.71428298950195,,0.6267285943031311,1188.4405517578125
offline-run-20260709_205033-jf5e1amf,5,6144,0,0.4615384638309479,47.28956985473633,,0.6495497226715088,1190.68017578125
offline-run-20260709_205033-jf5e1amf,6,7168,0,0.4615384638309479,48.68754959106445,,0.5973361730575562,1198.943115234375
offline-run-20260709_205033-jf5e1amf,7,8192,0,0.4615384638309479,47.56354904174805,,0.6500528454780579,1207.243896484375
offline-run-20260709_205033-jf5e1amf,9,10240,0,0.4615384638309479,48.25368881225586,,0.6475831270217896,1204.1787109375
offline-run-20260709_205033-jf5e1amf,10,11264,0,0.4615384638309479,47.12385559082031,,0.5968051552772522,1199.0380859375
offline-run-20260709_205033-jf5e1amf,11,12288,0,0.4615384638309479,46.446693420410156,,0.631905198097229,1203.5625
offline-run-20260709_205411-i5nnts8a,1,2048,0.7692307829856873,0.7692307829856873,48.22511672973633,,-0.515442430973053,1201.501220703125
offline-run-20260709_205411-i5nnts8a,2,3072,0.3888888955116272,1.1581196784973145,46.88259506225586,,0.11653637886047363,1214.84228515625
offline-run-20260709_205411-i5nnts8a,4,5120,0.32258063554763794,1.4807003140449524,49.28507995605469,,0.09662751108407974,1176.2359619140625
offline-run-20260709_205411-i5nnts8a,5,6144,0.375,1.8557003140449524,52.056251525878906,,0.055777259171009064,1184.9908447265625
offline-run-20260709_205411-i5nnts8a,7,8192,0.35483869910240173,2.210539013147354,50.13292694091797,,0.1071072518825531,1172.5936279296875
offline-run-20260709_205411-i5nnts8a,8,9216,0.4375,2.648039013147354,49.909324645996094,,0.07394418865442276,1187.0252685546875
offline-run-20260709_205411-i5nnts8a,9,10240,0.5,3.148039013147354,47.29812240600586,,0.05694939196109772,1191.015625
offline-run-20260709_205559-0tasncu4,0,1024,0.9677419066429138,0.9677419066429138,23.374685287475586,,-0.6126580834388733,1192.955078125
offline-run-20260709_205559-0tasncu4,1,2048,0.9130434989929199,1.8807854056358337,24.904346466064453,,-0.349481999874115,1179.663818359375
offline-run-20260709_205559-0tasncu4,2,3072,0.9615384340286255,2.8423238396644592,25.39128303527832,,-0.2852599620819092,1211.4996337890625
offline-run-20260709_205559-0tasncu4,3,4096,0.9375,3.7798238396644592,24.80571746826172,,-0.39461612701416016,1145.973388671875
offline-run-20260709_205559-0tasncu4,4,5120,0.90625,4.686073839664459,24.909404754638672,,-0.3104058802127838,1181.062255859375
offline-run-20260709_205559-0tasncu4,5,6144,0.9375,5.623573839664459,25.102401733398438,,-0.36302703619003296,1177.2197265625
offline-run-20260709_205559-0tasncu4,6,7168,0.90625,6.529823839664459,25.18085479736328,,-0.31798291206359863,1167.8814697265625
offline-run-20260709_205559-0tasncu4,7,8192,0.84375,7.373573839664459,25.213306427001953,,-0.30065831542015076,1162.9219970703125
offline-run-20260709_205559-0tasncu4,8,9216,0.90625,8.27982383966446,24.62036895751953,,-0.3366240859031677,1198.898193359375
offline-run-20260709_205559-0tasncu4,9,10240,0.9375,9.21732383966446,24.771888732910156,,-0.3804270923137665,1193.5408935546875
offline-run-20260709_210034-oqsayk5e,0,1024,0.9677419066429138,0.9677419066429138,23.374685287475586,,-0.6126580834388733,1192.955078125
offline-run-20260709_210034-oqsayk5e,1,2048,0.9130434989929199,1.8807854056358337,24.904346466064453,,-0.349481999874115,1179.663818359375
offline-run-20260709_210034-oqsayk5e,2,3072,0.9615384340286255,2.8423238396644592,25.39128303527832,,-0.2852599620819092,1211.4996337890625
offline-run-20260709_210302-ybx1h0qo,0,1024,0.9677419066429138,0.9677419066429138,23.374685287475586,,-0.6126580834388733,1192.955078125
offline-run-20260709_210302-ybx1h0qo,1,2048,0.9130434989929199,1.8807854056358337,24.904346466064453,,-0.349481999874115,1179.663818359375
offline-run-20260709_210302-ybx1h0qo,2,3072,0.9615384340286255,2.8423238396644592,25.39128303527832,,-0.2852599620819092,1211.4996337890625
offline-run-20260709_210302-ybx1h0qo,3,4096,0.9375,3.7798238396644592,24.80571746826172,,-0.39461612701416016,1145.973388671875
offline-run-20260709_210302-ybx1h0qo,4,5120,0.90625,4.686073839664459,24.909404754638672,,-0.3104058802127838,1181.062255859375
offline-run-20260709_210302-ybx1h0qo,5,6144,0.9375,5.623573839664459,25.102401733398438,,-0.36302703619003296,1177.2197265625
offline-run-20260709_210302-ybx1h0qo,6,7168,0.90625,6.529823839664459,25.18085479736328,,-0.31798291206359863,1167.8814697265625
offline-run-20260709_210302-ybx1h0qo,7,8192,0.84375,7.373573839664459,25.213306427001953,,-0.30065831542015076,1162.9219970703125
offline-run-20260709_210302-ybx1h0qo,8,9216,0.90625,8.27982383966446,24.62036895751953,,-0.3366240859031677,1198.898193359375
offline-run-20260709_210302-ybx1h0qo,9,10240,0.9375,9.21732383966446,24.771888732910156,,-0.3804270923137665,1193.5408935546875
offline-run-20260709_210954-plr9zvf8,0,1024,0.9677419066429138,0.9677419066429138,24.02804183959961,,-0.6513949036598206,1177.2249755859375
offline-run-20260709_210954-plr9zvf8,1,2048,1,1.9677419066429138,24.744403839111328,,-0.4404935836791992,1186.916259765625
offline-run-20260709_210954-plr9zvf8,2,3072,0.9655172228813171,2.933259129524231,24.647180557250977,,-0.27914583683013916,1221.5494384765625
offline-run-20260709_210954-plr9zvf8,3,4096,0.96875,3.902009129524231,24.734100341796875,,-0.4021202623844147,1163.5416259765625
offline-run-20260709_210954-plr9zvf8,4,5120,0.96875,4.870759129524231,24.89366912841797,,-0.4232681393623352,1193.318115234375
offline-run-20260709_210954-plr9zvf8,5,6144,0.9677419066429138,5.838501036167145,24.743186950683594,,-0.32146552205085754,1174.162841796875
offline-run-20260709_210954-plr9zvf8,6,7168,0.9642857313156128,6.802786767482758,24.703481674194336,,-0.4317519962787628,1182.59619140625
offline-run-20260709_210954-plr9zvf8,7,8192,1,7.802786767482758,24.785640716552734,,-0.40401503443717957,1189.88671875
offline-run-20260709_210954-plr9zvf8,8,9216,0.9375,8.740286767482758,24.828205108642578,,-0.333251416683197,1201.514892578125
offline-run-20260709_210954-plr9zvf8,9,10240,0.939393937587738,9.679680705070496,24.767303466796875,,-0.4196936786174774,1185.244384765625
offline-run-20260709_211859-oomrkcol,0,1024,1,1.0,26.47605323791504,,-0.8826018571853638,1193.3017578125
offline-run-20260709_211859-oomrkcol,1,2048,0.9655172228813171,1.9655172228813171,34.88282775878906,,-0.3480532169342041,1219.4117431640625
offline-run-20260709_211859-oomrkcol,2,3072,0.42105263471603394,2.386569857597351,36.26294708251953,,0.0004672753275372088,1204.0623779296875
offline-run-20260709_211859-oomrkcol,3,4096,0.5555555820465088,2.94212543964386,35.74777603149414,,-0.11392161250114441,1176.3751220703125
offline-run-20260709_211859-oomrkcol,4,5120,0.7407407164573669,3.682866156101227,35.8281364440918,,-0.1599312424659729,1191.2642822265625
offline-run-20260709_211859-oomrkcol,5,6144,0.5,4.182866156101227,36.40313720703125,,-0.06694692373275757,1182.3480224609375
offline-run-20260709_211859-oomrkcol,6,7168,0.5555555820465088,4.738421738147736,37.70229721069336,,-0.08437532931566238,1162.5794677734375
offline-run-20260709_211859-oomrkcol,7,8192,0.5185185074806213,5.256940245628357,37.02525329589844,,-0.09950990229845047,1191.89599609375
offline-run-20260709_211859-oomrkcol,8,9216,0.699999988079071,5.956940233707428,36.316246032714844,,-0.1935787945985794,1206.0250244140625
offline-run-20260709_211859-oomrkcol,9,10240,0.761904776096344,6.718845009803772,36.364410400390625,,-0.16455724835395813,1206.751708984375
offline-run-20260709_212815-ni0ihjxs,1,2048,0.7142857313156128,0.7142857313156128,45.613704681396484,,-0.47155264019966125,1199.928955078125
offline-run-20260709_212815-ni0ihjxs,2,3072,0.4117647111415863,1.126050442457199,50.30039978027344,,-0.006103259511291981,1188.029052734375
offline-run-20260709_212815-ni0ihjxs,4,5120,0.27586206793785095,1.40191251039505,48.9654426574707,,0.07974434643983841,1189.0599365234375
offline-run-20260709_212815-ni0ihjxs,5,6144,0.6470588445663452,2.0489713549613953,49.30570602416992,,-0.08600548654794693,1191.950439453125
offline-run-20260709_212815-ni0ihjxs,6,7168,0.3888888955116272,2.4378602504730225,48.34495544433594,,0.048892490565776825,1187.1744384765625
offline-run-20260709_212815-ni0ihjxs,8,9216,0.5806451439857483,3.0185053944587708,50.31443786621094,,-0.030806707218289375,1196.651123046875
offline-run-20260709_212815-ni0ihjxs,9,10240,0.47058823704719543,3.489093631505966,47.849674224853516,,0.0889553427696228,1173.6083984375
offline-run-20260709_213033-dyqn33gb,0,1024,1,1.0,37.664344787597656,,-0.8828144073486328,1186.395263671875
offline-run-20260709_213033-dyqn33gb,1,2048,0.6875,1.6875,43.01999282836914,,-0.15440502762794495,1213.5692138671875
offline-run-20260709_213033-dyqn33gb,2,3072,0.5,2.1875,44.89762496948242,,-0.0024804696440696716,1202.302978515625
offline-run-20260709_213033-dyqn33gb,3,4096,0.7777777910232544,2.9652777910232544,46.339866638183594,,-0.11566811054944992,1197.456787109375
offline-run-20260709_213033-dyqn33gb,4,5120,0.529411792755127,3.4946895837783813,44.93717956542969,,0.04762651026248932,1181.0224609375
offline-run-20260709_213033-dyqn33gb,5,6144,0.5882353186607361,4.082924902439117,45.41524124145508,,8.299771434394643e-05,1167.14990234375
offline-run-20260709_213033-dyqn33gb,6,7168,0.3888888955116272,4.471813797950745,46.11347961425781,,0.08255884796380997,1202.1461181640625
offline-run-20260709_213033-dyqn33gb,7,8192,0.47058823704719543,4.94240203499794,46.5358772277832,,0.03555762767791748,1201.547119140625
offline-run-20260709_213033-dyqn33gb,8,9216,0.625,5.56740203499794,46.427059173583984,,-0.02530614286661148,1204.083251953125
offline-run-20260709_213033-dyqn33gb,9,10240,0.4117647111415863,5.979166746139526,47.48191833496094,,-0.01646372862160206,1197.1512451171875
offline-run-20260709_214001-ttm65x3c,1,2048,0.7307692170143127,0.7307692170143127,48.14523696899414,,-0.48548051714897156,1188.3013916015625
offline-run-20260709_214001-ttm65x3c,3,4096,0.5,1.2307692170143127,49.99634552001953,,0.024859122931957245,1188.54833984375
offline-run-20260709_214001-ttm65x3c,4,5120,0.5555555820465088,1.7863247990608215,50.61873245239258,,-0.0033153395634144545,1201.4378662109375
offline-run-20260709_214001-ttm65x3c,5,6144,0.47058823704719543,2.256913036108017,48.73177719116211,,0.09984268993139267,1187.187255859375
offline-run-20260709_214001-ttm65x3c,7,8192,0.3636363744735718,2.6205494105815887,46.347320556640625,,0.13689497113227844,1208.9542236328125
offline-run-20260709_214001-ttm65x3c,9,10240,0.5625,3.1830494105815887,50.42013931274414,,-0.04468999430537224,1191.2696533203125
offline-run-20260709_214811-hvaj6hzh,1,2048,0.75,0.75,-97.3182373046875,,-0.4380631148815155,1198.913818359375
offline-run-20260709_214811-hvaj6hzh,3,4096,0.34375,1.09375,22.479400634765625,,0.13208268582820892,1166.1724853515625
offline-run-20260709_214811-hvaj6hzh,4,5120,0.3125,1.40625,21.61759376525879,,0.1255722939968109,1209.2073974609375
offline-run-20260709_214811-hvaj6hzh,6,7168,0.3030303120613098,1.7092803120613098,15.831339836120605,,0.08861076831817627,1208.7044677734375
offline-run-20260709_214811-hvaj6hzh,7,8192,0.4375,2.14678031206131,12.823432922363281,,0.06345602869987488,1193.7613525390625
offline-run-20260709_214811-hvaj6hzh,8,9216,0.4375,2.58428031206131,8.675779342651367,,0.12292910367250443,1217.1773681640625
offline-run-20260709_214811-hvaj6hzh,9,10240,0.23529411852359772,2.8195744305849075,21.03624725341797,,0.18684692680835724,1225.9659423828125
offline-run-20260709_214811-hvaj6hzh,10,11264,0.2777777910232544,3.097352221608162,23.048500061035156,,0.16916820406913757,1217.581787109375
offline-run-20260709_214811-hvaj6hzh,12,13312,0.5625,3.659852221608162,1.5814450979232788,,-0.00823311135172844,1193.5474853515625
offline-run-20260709_214811-hvaj6hzh,13,14336,0.4117647111415863,4.071616932749748,16.920398712158203,,0.1138305515050888,1206.3206787109375
offline-run-20260709_215107-ivblqpe7,1,2048,0.7241379022598267,0.7241379022598267,-84.6291275024414,,-0.4938671588897705,1203.339111328125
offline-run-20260709_215107-ivblqpe7,2,3072,0.5882353186607361,1.3123732209205627,19.090152740478516,,0.04605041444301605,1202.9127197265625
offline-run-20260709_215107-ivblqpe7,4,5120,0.3870967626571655,1.6994699835777283,13.677144050598145,,0.09925781190395355,1179.5732421875
offline-run-20260709_215107-ivblqpe7,5,6144,0.4444444477558136,2.143914431333542,8.52273941040039,,-0.006215519271790981,1184.379638671875
offline-run-20260709_215107-ivblqpe7,6,7168,0.4375,2.581414431333542,8.748517036437988,,0.06128380447626114,1202.57373046875
offline-run-20260709_215107-ivblqpe7,7,8192,0.4375,3.018914431333542,0.7169771194458008,,0.006422847509384155,1173.357177734375
offline-run-20260709_215107-ivblqpe7,8,9216,0.44999998807907104,3.468914419412613,19.0914249420166,,0.09337768703699112,1189.46435546875
offline-run-20260709_215107-ivblqpe7,10,11264,0.4516128897666931,3.920527309179306,18.134414672851562,,0.0777670219540596,1191.7415771484375
offline-run-20260709_215107-ivblqpe7,11,12288,0.3529411852359772,4.273468494415283,18.902368545532227,,0.10106445103883743,1175.130859375
offline-run-20260709_215107-ivblqpe7,12,13312,0.5625,4.835968494415283,5.4459333419799805,,-0.047002505511045456,1182.77490234375
offline-run-20260709_215107-ivblqpe7,14,15360,0.34375,5.179718494415283,23.493656158447266,,0.14742442965507507,1201.317626953125
offline-run-20260709_220213-93lw35jq,1,2048,0.4642857015132904,0.4642857015132904,22.05678939819336,,0.2741260230541229,1201.885498046875
offline-run-20260709_220920-bksh38jf,1,2048,0.4642857015132904,0.4642857015132904,22.05678939819336,,0.2741260230541229,1201.885498046875
offline-run-20260709_221849-90neimzd,1,2048,0.4642857015132904,0.4642857015132904,22.05678939819336,,0.2741260230541229,1201.885498046875
offline-run-20260709_222712-88mjo3by,1,2048,0.4642857015132904,0.4642857015132904,22.05678939819336,,0.2741260230541229,1201.885498046875
offline-run-20260709_222946-wlp0mohx,1,2048,0.4642857015132904,0.4642857015132904,22.05678939819336,,0.2741260230541229,1201.885498046875
offline-run-20260709_223201-rc75wsq0,1,2048,0.8064516186714172,0.8064516186714172,-86.457275390625,,-0.4986889362335205,1206.642822265625
offline-run-20260709_223201-rc75wsq0,2,3072,0.3125,1.1189516186714172,16.189807891845703,,0.06913155317306519,1205.4281005859375
offline-run-20260709_223201-rc75wsq0,4,5120,0.4516128897666931,1.5705645084381104,12.239815711975098,,0.07726717740297318,1190.24462890625
offline-run-20260709_223201-rc75wsq0,5,6144,0.4375,2.0080645084381104,18.461315155029297,,0.08440632373094559,1189.8402099609375
offline-run-20260709_223201-rc75wsq0,6,7168,0.3888888955116272,2.3969534039497375,14.232770919799805,,0.048503976315259933,1193.3775634765625
offline-run-20260709_223201-rc75wsq0,7,8192,0.4736842215061188,2.8706376254558563,-4.496230602264404,,-0.03749299794435501,1192.861328125
offline-run-20260709_223201-rc75wsq0,8,9216,0.5,3.3706376254558563,19.82159996032715,,0.06593596935272217,1226.4857177734375
offline-run-20260709_223909-3lavmtty,1,512,0.6666666865348816,0.6666666865348816,-111.59366607666016,,-0.5069462656974792,1244.3184814453125
offline-run-20260709_224059-knpq91jo,4,1280,1,1.0,-168.39697265625,,-0.8873902559280396,1226.7532958984375
offline-run-20260709_224059-knpq91jo,8,2304,0.4375,1.4375,15.549905776977539,,0.034755729138851166,1212.2913818359375
offline-run-20260709_225037-mlqf7832,1,2048,0.42307692766189575,0.42307692766189575,41.608272552490234,,0.1950683295726776,1185.135986328125
offline-run-20260709_225957-88k7vfzb,1,262144,0.6150178909301758,0.6150178909301758,-13.603055000305176,,-0.01620558463037014,1191.2509765625
offline-run-20260709_225957-88k7vfzb,3,524288,0.035464413464069366,0.6504823043942451,45.099002838134766,,0.5238160490989685,1189.4794921875
offline-run-20260709_225957-88k7vfzb,4,655360,0.023694390431046486,0.6741766948252916,44.83662414550781,,0.5297579169273376,1187.5340576171875
offline-run-20260709_225957-88k7vfzb,5,786432,0.02675585262477398,0.7009325474500656,44.82833480834961,,0.5150488018989563,1187.9500732421875
offline-run-20260709_225957-88k7vfzb,6,917504,0.026794258505105972,0.7277268059551716,44.997642517089844,,0.5442922711372375,1187.0009765625
offline-run-20260709_225957-88k7vfzb,8,1179648,0.03606965020298958,0.7637964561581612,45.78909683227539,,0.525152862071991,1184.50341796875
offline-run-20260709_225957-88k7vfzb,10,1441792,0.04156610369682312,0.8053625598549843,48.882755279541016,,0.5078890919685364,1184.3316650390625
offline-run-20260709_225957-88k7vfzb,12,1703936,0.06133026257157326,0.8666928224265575,52.94172286987305,,0.49817854166030884,1183.0823974609375
offline-run-20260709_225957-88k7vfzb,14,1966080,0.06999681890010834,0.9366896413266659,58.02180099487305,,0.4546004831790924,1184.8323974609375
offline-run-20260709_225957-88k7vfzb,16,2228224,0.08453608304262161,1.0212257243692875,62.91937255859375,,0.417106956243515,1186.7041015625
offline-run-20260709_225957-88k7vfzb,18,2490368,0.08426132053136826,1.1054870449006557,69.17777252197266,,0.3788468539714813,1187.33740234375
offline-run-20260709_225957-88k7vfzb,20,2752512,0.059914957731962204,1.165402002632618,74.43516540527344,,0.3682817816734314,1188.06640625
offline-run-20260709_225957-88k7vfzb,22,3014656,0.06076671928167343,1.2261687219142914,78.80499267578125,,0.33917829394340515,1185.611572265625
offline-run-20260709_225957-88k7vfzb,24,3276800,0.053996600210666656,1.280165322124958,83.16558074951172,,0.3143024444580078,1185.378662109375
offline-run-20260709_225957-88k7vfzb,26,3538944,0.04702329635620117,1.3271886184811592,85.9511947631836,,0.3014151155948639,1182.06201171875
offline-run-20260709_225957-88k7vfzb,28,3801088,0.054880790412425995,1.3820694088935852,88.8687973022461,,0.28855031728744507,1183.2437744140625
offline-run-20260709_225957-88k7vfzb,30,4063232,0.0720636397600174,1.4541330486536026,91.56963348388672,,0.2625410854816437,1182.9593505859375
offline-run-20260709_225957-88k7vfzb,32,4325376,0.08593012392520905,1.5400631725788116,93.4947509765625,,0.2559681832790375,1180.2724609375
offline-run-20260709_225957-88k7vfzb,34,4587520,0.10320114344358444,1.643264316022396,94.96672058105469,,0.23068560659885406,1177.884033203125
offline-run-20260709_225957-88k7vfzb,37,4980736,0.1389627605676651,1.7822270765900612,97.45671844482422,,0.20795956254005432,1180.0867919921875
offline-run-20260709_225957-88k7vfzb,40,5373952,0.1768086552619934,1.9590357318520546,98.71732330322266,,0.17865324020385742,1178.16064453125
offline-run-20260709_225957-88k7vfzb,43,5767168,0.171875,2.1309107318520546,101.53526306152344,,0.17851890623569489,1181.5408935546875
offline-run-20260709_225957-88k7vfzb,46,6160384,0.18612881004810333,2.317039541900158,102.51447296142578,,0.15840443968772888,1178.359375
offline-run-20260709_225957-88k7vfzb,49,6553600,0.1918584108352661,2.508897952735424,104.11138153076172,,0.14498770236968994,1179.307861328125
offline-run-20260709_225957-88k7vfzb,52,6946816,0.1878412812948227,2.6967392340302467,105.81205749511719,,0.14212091267108917,1177.4925537109375
offline-run-20260709_225957-88k7vfzb,55,7340032,0.20014716684818268,2.8968864008784294,107.12239837646484,,0.1311545968055725,1180.61279296875
offline-run-20260709_225957-88k7vfzb,58,7733248,0.2174396961927414,3.114326097071171,107.85265350341797,,0.11829428374767303,1184.4244384765625
offline-run-20260709_225957-88k7vfzb,61,8126464,0.20459769666194916,3.31892379373312,108.63838958740234,,0.11780625581741333,1178.5660400390625
offline-run-20260709_225957-88k7vfzb,64,8519680,0.21038766205310822,3.529311455786228,107.86639404296875,,0.11066676676273346,1181.6661376953125
offline-run-20260709_225957-88k7vfzb,67,8912896,0.19708846509456635,3.7263999208807945,108.94945526123047,,0.11650829017162323,1182.427001953125
offline-run-20260709_225957-88k7vfzb,70,9306112,0.2070687711238861,3.9334686920046806,110.64934539794922,,0.10772015899419785,1180.69287109375
offline-run-20260709_225957-88k7vfzb,73,9699328,0.2423887550830841,4.175857447087765,109.44075775146484,,0.08423120528459549,1182.6634521484375
offline-run-20260709_234054-x416pu20,1,262144,0.6153616309165955,0.6153616309165955,-14.1115140914917,,-0.02064032107591629,1187.774169921875
offline-run-20260709_234054-x416pu20,3,524288,0.033059846609830856,0.6484214775264263,45.22285461425781,,0.522343635559082,1190.581787109375
offline-run-20260709_234054-x416pu20,4,655360,0.02684563770890236,0.6752671152353287,45.567359924316406,,0.5288801193237305,1188.98193359375
offline-run-20260709_234054-x416pu20,5,786432,0.026239067316055298,0.701506182551384,45.51294708251953,,0.5267373323440552,1190.2352294921875
offline-run-20260709_234054-x416pu20,6,917504,0.024661509320139885,0.7261676918715239,45.47323989868164,,0.5280627608299255,1187.9752197265625
offline-run-20260709_234054-x416pu20,8,1179648,0.03318250551819801,0.7593501973897219,46.251731872558594,,0.5207771062850952,1185.246826171875
offline-run-20260709_234054-x416pu20,10,1441792,0.04826098680496216,0.807611184194684,48.993370056152344,,0.5079727172851562,1185.92431640625
offline-run-20260709_234054-x416pu20,12,1703936,0.07680901885032654,0.8844202030450106,53.7174186706543,,0.47778719663619995,1184.398681640625
offline-run-20260709_234054-x416pu20,14,1966080,0.09476388990879059,0.9791840929538012,58.40031814575195,,0.444522500038147,1184.0013427734375
offline-run-20260709_234054-x416pu20,16,2228224,0.09169850498437881,1.07088259793818,63.31523895263672,,0.39556339383125305,1186.6846923828125
offline-run-20260709_234054-x416pu20,18,2490368,0.1064467802643776,1.1773293782025576,68.70297241210938,,0.34781819581985474,1185.2647705078125
offline-run-20260709_234054-x416pu20,20,2752512,0.07010634243488312,1.2474357206374407,75.12918090820312,,0.34274664521217346,1187.3526611328125
offline-run-20260709_234054-x416pu20,22,3014656,0.0672757476568222,1.3147114682942629,79.90677642822266,,0.323225200176239,1186.6654052734375
offline-run-20260709_234054-x416pu20,24,3276800,0.058305367827415466,1.3730168361216784,83.17060852050781,,0.30139151215553284,1186.8955078125
offline-run-20260709_234054-x416pu20,26,3538944,0.056978799402713776,1.4299956355243921,86.20359802246094,,0.2932771146297455,1184.239990234375
offline-run-20260709_234054-x416pu20,28,3801088,0.06916817277669907,1.4991638083010912,89.5156021118164,,0.27815547585487366,1186.2669677734375
offline-run-20260709_234054-x416pu20,30,4063232,0.07767441868782043,1.5768382269889116,91.92198181152344,,0.2589995265007019,1181.751708984375
offline-run-20260709_234054-x416pu20,32,4325376,0.09047391265630722,1.6673121396452188,94.3072738647461,,0.2427770346403122,1184.416748046875
offline-run-20260709_234054-x416pu20,35,4718592,0.1176663413643837,1.7849784810096025,97.00633239746094,,0.22536411881446838,1188.45068359375
offline-run-20260709_234054-x416pu20,38,5111808,0.14496643841266632,1.9299449194222689,98.38639831542969,,0.20326100289821625,1183.9578857421875
offline-run-20260709_234054-x416pu20,41,5505024,0.15621788799762726,2.086162807419896,100.61650085449219,,0.1865813136100769,1187.215576171875
offline-run-20260709_234054-x416pu20,44,5898240,0.15669319033622742,2.2428559977561235,102.63812255859375,,0.1809712052345276,1188.1322021484375
offline-run-20260709_234054-x416pu20,47,6291456,0.1515580713748932,2.3944140691310167,104.59774780273438,,0.17308375239372253,1185.474609375
offline-run-20260709_234054-x416pu20,50,6684672,0.1666666716337204,2.561080740764737,105.07599639892578,,0.15609194338321686,1184.01953125
offline-run-20260709_234054-x416pu20,53,7077888,0.17320503294467926,2.7342857737094164,106.94202423095703,,0.14718204736709595,1186.2220458984375
offline-run-20260709_234054-x416pu20,56,7471104,0.1733958125114441,2.9076815862208605,107.35353088378906,,0.1412140280008316,1184.6650390625
offline-run-20260709_234054-x416pu20,59,7864320,0.1962616890668869,3.1039432752877474,107.27066802978516,,0.12254246324300766,1193.53271484375
offline-run-20260709_234054-x416pu20,62,8257536,0.1977938413619995,3.301737116649747,108.73296356201172,,0.1168842539191246,1191.650390625
offline-run-20260709_234054-x416pu20,65,8650752,0.199693962931633,3.50143107958138,109.67378997802734,,0.10690777003765106,1194.4268798828125
offline-run-20260709_234054-x416pu20,68,9043968,0.22132720053195953,3.7227582801133394,109.37873840332031,,0.10065307468175888,1189.1910400390625
offline-run-20260709_234054-x416pu20,71,9437184,0.20379506051540375,3.926553340628743,109.82759857177734,,0.10006248205900192,1186.1104736328125
offline-run-20260709_234054-x416pu20,74,9830400,0.24092663824558258,4.167479978874326,108.956298828125,,0.08721048384904861,1192.2978515625
offline-run-20260709_234054-x416pu20,77,10223616,0.2453794777393341,4.41285945661366,109.82852172851562,,0.0734272301197052,1190.192626953125
offline-run-20260709_234054-x416pu20,80,10616832,0.23466980457305908,4.647529261186719,109.36660766601562,,0.07425835728645325,1187.9586181640625
offline-run-20260709_234054-x416pu20,83,11010048,0.2585866451263428,4.906115906313062,109.27347564697266,,0.06274562329053879,1192.5244140625
offline-run-20260709_234054-x416pu20,86,11403264,0.27381905913352966,5.179934965446591,108.43728637695312,,0.05373357608914375,1190.079345703125
offline-run-20260709_234054-x416pu20,89,11796480,0.24990051984786987,5.429835485294461,109.00457763671875,,0.058565229177474976,1190.01904296875
offline-run-20260709_234054-x416pu20,92,12189696,0.2552936375141144,5.685129122808576,109.24685668945312,,0.05473320931196213,1188.7215576171875
offline-run-20260709_234054-x416pu20,95,12582912,0.28732848167419434,5.97245760448277,106.54563903808594,,0.032268911600112915,1195.2958984375
offline-run-20260709_234054-x416pu20,98,12976128,0.29288357496261597,6.265341179445386,107.09577941894531,,0.021376047283411026,1192.84326171875
offline-run-20260709_234054-x416pu20,101,13369344,0.2966310679912567,6.561972247436643,108.13150787353516,,0.02509479597210884,1198.6640625
offline-run-20260709_234054-x416pu20,104,13762560,0.3133082985877991,6.875280546024442,107.30387878417969,,0.005169183947145939,1200.2515869140625
offline-run-20260709_234054-x416pu20,107,14155776,0.31725889444351196,7.192539440467954,103.77888488769531,,-0.0057627116329967976,1201.85888671875
offline-run-20260709_234054-x416pu20,110,14548992,0.3672529458999634,7.559792386367917,103.62388610839844,,-0.027787184342741966,1202.220458984375
offline-run-20260709_234054-x416pu20,113,14942208,0.3707483112812042,7.930540697649121,102.18843078613281,,-0.03049028106033802,1201.53857421875
offline-run-20260709_234054-x416pu20,116,15335424,0.35254237055778503,8.283083068206906,101.9102783203125,,-0.033698391169309616,1206.2926025390625
offline-run-20260709_234054-x416pu20,119,15728640,0.35443583130836487,8.637518899515271,104.70111846923828,,-0.02686321549117565,1208.34326171875
offline-run-20260709_234054-x416pu20,122,16121856,0.3645699620246887,9.00208886153996,102.28298950195312,,-0.047471292316913605,1202.53369140625
offline-run-20260709_234054-x416pu20,125,16515072,0.3841409683227539,9.386229829862714,104.171630859375,,-0.047420211136341095,1207.884521484375
offline-run-20260709_234054-x416pu20,128,16908288,0.42813050746917725,9.814360337331891,99.63705444335938,,-0.07481862604618073,1205.9639892578125
offline-run-20260709_234054-x416pu20,131,17301504,0.41484129428863525,10.229201631620526,99.72127532958984,,-0.07225605100393295,1205.803955078125
offline-run-20260709_234054-x416pu20,134,17694720,0.40956979990005493,10.638771431520581,101.31368255615234,,-0.07555320113897324,1209.902587890625
offline-run-20260709_234054-x416pu20,137,18087936,0.42837589979171753,11.067147331312299,99.46784210205078,,-0.09003881365060806,1211.628662109375
offline-run-20260709_234054-x416pu20,140,18481152,0.4264569878578186,11.493604319170117,101.88129425048828,,-0.08508912473917007,1215.5162353515625
offline-run-20260709_234054-x416pu20,143,18874368,0.4124656319618225,11.90606995113194,99.12323760986328,,-0.09575168788433075,1225.460693359375
offline-run-20260709_234054-x416pu20,146,19267584,0.4645373523235321,12.370607303455472,98.6011962890625,,-0.11194594204425812,1222.0572509765625
offline-run-20260709_234054-x416pu20,149,19660800,0.4313909709453583,12.80199827440083,102.0447998046875,,-0.10222898423671722,1225.16552734375
offline-run-20260710_004946-zrsx8nwt,0,1024,0,0.0,19.629024505615234,,0.8724996447563171,1214.337890625
offline-run-20260710_004946-zrsx8nwt,1,2048,0,0.0,22.094837188720703,,1.4567852020263672,1186.552978515625
offline-run-20260710_004946-zrsx8nwt,2,3072,0,0.0,20.39761734008789,,1.4028520584106445,1199.4149169921875
offline-run-20260710_004946-zrsx8nwt,3,4096,0,0.0,22.272798538208008,,1.3412889242172241,1187.9049072265625
offline-run-20260710_004946-zrsx8nwt,4,5120,0,0.0,23.143482208251953,,1.381142020225525,1177.743896484375
offline-run-20260710_004946-zrsx8nwt,5,6144,0,0.0,21.837827682495117,,1.4533772468566895,1167.8389892578125
offline-run-20260710_004946-zrsx8nwt,6,7168,0,0.0,23.09247589111328,,1.4726793766021729,1200.0560302734375
offline-run-20260710_004946-zrsx8nwt,7,8192,0,0.0,18.90755844116211,,1.5312711000442505,1194.95458984375
offline-run-20260710_004946-zrsx8nwt,8,9216,0,0.0,20.65825843811035,,1.5214767456054688,1184.7381591796875
offline-run-20260710_004946-zrsx8nwt,9,10240,0,0.0,19.769006729125977,,1.3521431684494019,1187.82470703125
offline-run-20260710_004946-zrsx8nwt,10,11264,0,0.0,21.596803665161133,,1.2544835805892944,1181.1624755859375
offline-run-20260710_004946-zrsx8nwt,11,12288,0,0.0,19.441225051879883,,1.3271756172180176,1156.429443359375
offline-run-20260710_004946-zrsx8nwt,12,13312,0,0.0,18.708782196044922,,1.2899061441421509,1168.22216796875
offline-run-20260710_004946-zrsx8nwt,13,14336,0,0.0,20.330738067626953,,1.478639841079712,1198.512939453125
offline-run-20260710_004946-zrsx8nwt,14,15360,0,0.0,19.83873176574707,,1.3695570230484009,1158.4903564453125
offline-run-20260710_005341-safx5dm2,0,1024,0.5833333134651184,0.5833333134651184,-25.203033447265625,,-0.034320469945669174,1214.297119140625
offline-run-20260710_005341-safx5dm2,1,2048,0.09090909361839294,0.6742424070835114,15.326713562011719,,0.7433001399040222,1189.187744140625
offline-run-20260710_005341-safx5dm2,2,3072,0.19354838132858276,0.8677907884120941,15.582191467285156,,0.6369513869285583,1204.2392578125
offline-run-20260710_005341-safx5dm2,3,4096,0.15625,1.0240407884120941,11.921985626220703,,0.5629273653030396,1199.83154296875
offline-run-20260710_005341-safx5dm2,4,5120,0.054054055362939835,1.078094843775034,18.164682388305664,,0.6308066248893738,1190.6435546875
offline-run-20260710_005341-safx5dm2,5,6144,0.06666667014360428,1.1447615139186382,15.310965538024902,,0.6254787445068359,1203.028564453125
offline-run-20260710_005341-safx5dm2,6,7168,0.0555555559694767,1.200317069888115,16.82907485961914,,0.5931201577186584,1179.326171875
offline-run-20260710_005341-safx5dm2,7,8192,0.11764705926179886,1.3179641291499138,14.53040599822998,,0.6360597014427185,1190.7548828125
offline-run-20260710_005341-safx5dm2,8,9216,0.1428571492433548,1.4608212783932686,17.527359008789062,,0.5923498272895813,1199.8541259765625
offline-run-20260710_005341-safx5dm2,9,10240,0.0882352963089943,1.5490565747022629,15.978737831115723,,0.7752290368080139,1179.48876953125
offline-run-20260710_005341-safx5dm2,10,11264,0.1111111119389534,1.6601676866412163,10.990476608276367,,0.7119944095611572,1190.7950439453125
offline-run-20260710_005341-safx5dm2,11,12288,0.10000000149011612,1.7601676881313324,15.508666038513184,,0.6558048725128174,1194.9893798828125
offline-run-20260710_005341-safx5dm2,12,13312,0.0810810774564743,1.8412487655878067,15.07556438446045,,0.6399332284927368,1180.761962890625
offline-run-20260710_005341-safx5dm2,13,14336,0.1666666716337204,2.007915437221527,13.587218284606934,,0.6201125979423523,1215.43408203125
offline-run-20260710_005341-safx5dm2,14,15360,0.125,2.132915437221527,17.182491302490234,,0.6662030816078186,1205.6583251953125
offline-run-20260710_005859-t91etvzb,0,1024,0.5833333134651184,0.5833333134651184,-25.203033447265625,,-0.034320469945669174,1214.297119140625
offline-run-20260710_005859-t91etvzb,1,2048,0.09090909361839294,0.6742424070835114,15.326713562011719,,0.7433001399040222,1189.187744140625
offline-run-20260710_005859-t91etvzb,2,3072,0.19354838132858276,0.8677907884120941,15.582191467285156,,0.6369513869285583,1204.2392578125
offline-run-20260710_005859-t91etvzb,3,4096,0.15625,1.0240407884120941,11.921985626220703,,0.5629273653030396,1199.83154296875
offline-run-20260710_005859-t91etvzb,4,5120,0.054054055362939835,1.078094843775034,18.164682388305664,,0.6308066248893738,1190.6435546875
offline-run-20260710_005859-t91etvzb,5,6144,0.06666667014360428,1.1447615139186382,15.310965538024902,,0.6254787445068359,1203.028564453125
offline-run-20260710_005859-t91etvzb,6,7168,0.0555555559694767,1.200317069888115,16.82907485961914,,0.5931201577186584,1179.326171875
offline-run-20260710_005859-t91etvzb,7,8192,0.11764705926179886,1.3179641291499138,14.53040599822998,,0.6360597014427185,1190.7548828125
offline-run-20260710_005859-t91etvzb,8,9216,0.1428571492433548,1.4608212783932686,17.527359008789062,,0.5923498272895813,1199.8541259765625
offline-run-20260710_005859-t91etvzb,9,10240,0.0882352963089943,1.5490565747022629,15.978737831115723,,0.7752290368080139,1179.48876953125
offline-run-20260710_005859-t91etvzb,10,11264,0.1111111119389534,1.6601676866412163,10.990476608276367,,0.7119944095611572,1190.7950439453125
offline-run-20260710_005859-t91etvzb,11,12288,0.10000000149011612,1.7601676881313324,15.508666038513184,,0.6558048725128174,1194.9893798828125
offline-run-20260710_005859-t91etvzb,12,13312,0.0810810774564743,1.8412487655878067,15.07556438446045,,0.6399332284927368,1180.761962890625
offline-run-20260710_005859-t91etvzb,13,14336,0.1666666716337204,2.007915437221527,13.587218284606934,,0.6201125979423523,1215.43408203125
offline-run-20260710_005859-t91etvzb,14,15360,0.125,2.132915437221527,17.182491302490234,,0.6662030816078186,1205.6583251953125
offline-run-20260710_005859-t91etvzb,15,16384,0.11764705926179886,2.250562496483326,15.006003379821777,,0.6196948289871216,1198.222412109375
offline-run-20260710_005859-t91etvzb,16,17408,0.06060606241226196,2.311168558895588,13.060624122619629,,0.5454919338226318,1193.9088134765625
offline-run-20260710_005859-t91etvzb,17,18432,0.22580644488334656,2.5369750037789345,2.2523422241210938,,0.5754886865615845,1231.04345703125
offline-run-20260710_005859-t91etvzb,18,19456,0.23076923191547394,2.7677442356944084,7.82572603225708,,0.45274466276168823,1221.60302734375
offline-run-20260710_005859-t91etvzb,19,20480,0.09090909361839294,2.8586533293128014,12.815865516662598,,0.6396318078041077,1175.3853759765625
offline-run-20260710_005859-t91etvzb,20,21504,0.06060606241226196,2.9192593917250633,17.233125686645508,,0.7066300511360168,1217.101318359375
offline-run-20260710_005859-t91etvzb,21,22528,0.10000000149011612,3.0192593932151794,15.739729881286621,,0.5168749690055847,1201.067626953125
offline-run-20260710_005859-t91etvzb,22,23552,0.09090909361839294,3.1101684868335724,19.100629806518555,,0.6466655135154724,1194.417724609375
offline-run-20260710_005859-t91etvzb,23,24576,0.12903225421905518,3.2392007410526276,15.07973861694336,,0.640216588973999,1211.3607177734375
offline-run-20260710_005859-t91etvzb,24,25600,0.0882352963089943,3.327436037361622,19.197412490844727,,0.7249395251274109,1203.19775390625
offline-run-20260710_005859-t91etvzb,25,26624,0.11764705926179886,3.4450830966234207,10.397414207458496,,0.6241867542266846,1200.22265625
offline-run-20260710_005859-t91etvzb,26,27648,0.17142857611179352,3.6165116727352142,10.518431663513184,,0.6016515493392944,1195.49267578125
offline-run-20260710_005859-t91etvzb,27,28672,0.2068965584039688,3.823408231139183,6.962164402008057,,0.5049870014190674,1200.721435546875
offline-run-20260710_005859-t91etvzb,28,29696,0.10000000149011612,3.923408232629299,16.42117691040039,,0.5359895825386047,1212.259765625
offline-run-20260710_005859-t91etvzb,29,30720,0.08571428805589676,4.009122520685196,17.339614868164062,,0.6745434999465942,1219.2357177734375
offline-run-20260710_005859-t91etvzb,30,31744,0.09677419066429138,4.105896711349487,16.019025802612305,,0.7079829573631287,1226.5982666015625
offline-run-20260710_005859-t91etvzb,31,32768,0.10000000149011612,4.205896712839603,15.342944145202637,,0.685642659664154,1206.2169189453125
offline-run-20260710_005859-t91etvzb,32,33792,0.14705882966518402,4.3529555425047874,13.985103607177734,,0.5800428986549377,1205.8828125
offline-run-20260710_005859-t91etvzb,33,34816,0.21212121844291687,4.565076760947704,11.077165603637695,,0.6055688261985779,1210.3006591796875
offline-run-20260710_005859-t91etvzb,34,35840,0.05882352963089943,4.623900290578604,16.304052352905273,,0.7278999090194702,1228.2391357421875
offline-run-20260710_005859-t91etvzb,35,36864,0.16129031777381897,4.785190608352423,13.731069564819336,,0.5310873985290527,1209.74072265625
offline-run-20260710_005859-t91etvzb,36,37888,0.032258063554763794,4.8174486719071865,18.840173721313477,,0.7679452300071716,1236.1776123046875
offline-run-20260710_005859-t91etvzb,37,38912,0.17142857611179352,4.98887724801898,9.131366729736328,,0.6493828892707825,1218.1163330078125
offline-run-20260710_005859-t91etvzb,38,39936,0.2142857164144516,5.203162964433432,12.461628913879395,,0.5085863471031189,1229.570068359375
offline-run-20260710_005859-t91etvzb,39,40960,0.05128205195069313,5.254445016384125,14.017316818237305,,0.6114275455474854,1218.642333984375
offline-run-20260710_005859-t91etvzb,40,41984,0.22580644488334656,5.480251461267471,12.610723495483398,,0.5459210276603699,1224.468017578125
offline-run-20260710_005859-t91etvzb,41,43008,0.17241379618644714,5.6526652574539185,14.291614532470703,,0.5029153823852539,1234.281494140625
offline-run-20260710_005859-t91etvzb,42,44032,0.14705882966518402,5.7997240871191025,15.40796947479248,,0.6261010766029358,1215.1444091796875
offline-run-20260710_005859-t91etvzb,43,45056,0.25,6.0497240871191025,9.5640869140625,,0.49954289197921753,1238.161865234375
offline-run-20260710_005859-t91etvzb,44,46080,0.05882352963089943,6.108547616750002,16.986919403076172,,0.7048088908195496,1206.8760986328125
offline-run-20260710_005859-t91etvzb,45,47104,0.23076923191547394,6.339316848665476,14.485685348510742,,0.45449668169021606,1236.547119140625
offline-run-20260710_005859-t91etvzb,46,48128,0.08571428805589676,6.425031136721373,14.403932571411133,,0.5560932755470276,1225.960205078125
offline-run-20260710_005859-t91etvzb,47,49152,0.17142857611179352,6.596459712833166,13.263998985290527,,0.547219455242157,1229.5235595703125
offline-run-20260710_005859-t91etvzb,48,50176,0.2068965584039688,6.803356271237135,14.658288955688477,,0.5983339548110962,1239.0501708984375
offline-run-20260710_005859-t91etvzb,49,51200,0.03448275849223137,6.837839029729366,19.08985710144043,,0.622222363948822,1240.857666015625
offline-run-20260710_005859-t91etvzb,50,52224,0.15625,6.994089029729366,18.152143478393555,,0.6383222341537476,1254.641845703125
offline-run-20260710_005859-t91etvzb,51,53248,0.0882352963089943,7.082324326038361,12.950665473937988,,0.6131719946861267,1244.5150146484375
offline-run-20260710_005859-t91etvzb,52,54272,0.13793103396892548,7.220255360007286,14.691863059997559,,0.598303496837616,1256.416259765625
offline-run-20260710_005859-t91etvzb,53,55296,0.06451612710952759,7.284771487116814,18.01207733154297,,0.685665488243103,1232.52880859375
offline-run-20260710_005859-t91etvzb,54,56320,0.1764705926179886,7.461242079734802,11.47143268585205,,0.5226342678070068,1249.75390625
offline-run-20260710_005859-t91etvzb,55,57344,0.11428571492433548,7.575527794659138,14.692583084106445,,0.7583144903182983,1237.88671875
offline-run-20260710_005859-t91etvzb,56,58368,0.125,7.700527794659138,12.756183624267578,,0.6418499946594238,1247.9835205078125
offline-run-20260710_005859-t91etvzb,57,59392,0.05882352963089943,7.759351324290037,17.502058029174805,,0.6010027527809143,1254.54443359375
offline-run-20260710_005859-t91etvzb,58,60416,0.20588235557079315,7.96523367986083,2.574232578277588,,0.5087342858314514,1229.5711669921875
offline-run-20260710_005859-t91etvzb,59,61440,0.15625,8.12148367986083,11.798929214477539,,0.51612788438797,1232.4925537109375
offline-run-20260710_005859-t91etvzb,60,62464,0.15625,8.27773367986083,14.256241798400879,,0.6700767874717712,1249.0291748046875
offline-run-20260710_005859-t91etvzb,61,63488,0.0810810774564743,8.358814757317305,15.289460182189941,,0.6395778059959412,1248.253173828125
offline-run-20260710_005859-t91etvzb,62,64512,0.14814814925193787,8.506962906569242,11.061657905578613,,0.5535356402397156,1248.72509765625
offline-run-20260710_005859-t91etvzb,63,65536,0.06451612710952759,8.57147903367877,16.224437713623047,,0.6501607298851013,1250.78955078125
offline-run-20260710_005859-t91etvzb,64,66560,0.12903225421905518,8.700511287897825,17.50896453857422,,0.5397578477859497,1250.852783203125
offline-run-20260710_005859-t91etvzb,65,67584,0.1111111119389534,8.811622399836779,17.77594757080078,,0.6626878380775452,1226.901123046875
offline-run-20260710_005859-t91etvzb,66,68608,0.0714285746216774,8.883050974458456,18.989990234375,,0.6962161660194397,1255.6953125
offline-run-20260710_005859-t91etvzb,67,69632,0.14705882966518402,9.03010980412364,14.704447746276855,,0.676999032497406,1258.850341796875
offline-run-20260710_005859-t91etvzb,68,70656,0.13333334028720856,9.163443144410849,15.916871070861816,,0.6114330887794495,1248.7218017578125
offline-run-20260710_005859-t91etvzb,69,71680,0.06451612710952759,9.227959271520376,14.389756202697754,,0.6561378240585327,1250.88427734375
offline-run-20260710_005859-t91etvzb,70,72704,0.10810811072587967,9.336067382246256,15.750953674316406,,0.6415119767189026,1255.97802734375
offline-run-20260710_005859-t91etvzb,71,73728,0.23333333432674408,9.569400716573,10.816040992736816,,0.4903595745563507,1234.9951171875
offline-run-20260710_005859-t91etvzb,72,74752,0.12121212482452393,9.690612841397524,17.173463821411133,,0.652199923992157,1249.2021484375
offline-run-20260710_005859-t91etvzb,73,75776,0.1666666716337204,9.857279513031244,13.576203346252441,,0.5442847609519958,1257.4989013671875
offline-run-20260710_005859-t91etvzb,74,76800,0,9.857279513031244,20.68921661376953,,0.7446407079696655,1239.6573486328125
offline-run-20260710_005859-t91etvzb,75,77824,0.06060606241226196,9.917885575443506,18.578941345214844,,0.676816463470459,1268.94091796875
offline-run-20260710_005859-t91etvzb,76,78848,0.1764705926179886,10.094356168061495,12.045692443847656,,0.7054144740104675,1245.114990234375
offline-run-20260710_005859-t91etvzb,77,79872,0.0714285746216774,10.165784742683172,18.104604721069336,,0.7113587260246277,1241.284423828125
offline-run-20260710_005859-t91etvzb,78,80896,0.09090909361839294,10.256693836301565,13.029764175415039,,0.654896080493927,1239.840087890625
offline-run-20260710_005859-t91etvzb,79,81920,0.1764705926179886,10.433164428919554,13.190413475036621,,0.673777163028717,1253.177978515625
offline-run-20260710_005859-t91etvzb,80,82944,0.0714285746216774,10.504593003541231,16.645544052124023,,0.6683050990104675,1255.680419921875
offline-run-20260710_005859-t91etvzb,81,83968,0.1515151560306549,10.656108159571886,13.75820541381836,,0.5610005855560303,1241.681640625
offline-run-20260710_005859-t91etvzb,82,84992,0.1111111119389534,10.76721927151084,16.38936996459961,,0.6700806021690369,1240.5626220703125
offline-run-20260710_005859-t91etvzb,83,86016,0.13333334028720856,10.900552611798048,10.101550102233887,,0.5612086057662964,1255.090576171875
offline-run-20260710_005859-t91etvzb,84,87040,0.03448275849223137,10.93503537029028,19.503870010375977,,0.6488145589828491,1267.931640625
offline-run-20260710_005859-t91etvzb,85,88064,0.06451612710952759,10.999551497399807,17.597671508789062,,0.6093346476554871,1277.3941650390625
offline-run-20260710_005859-t91etvzb,86,89088,0.029411764815449715,11.028963262215257,19.223909378051758,,0.7246726751327515,1268.1419677734375
offline-run-20260710_005859-t91etvzb,87,90112,0.03448275849223137,11.063446020707488,21.566953659057617,,0.5379143953323364,1261.699462890625
offline-run-20260710_005859-t91etvzb,88,91136,0.09677419066429138,11.16022021137178,19.863895416259766,,0.6308522820472717,1260.2845458984375
offline-run-20260710_005859-t91etvzb,89,92160,0.0882352963089943,11.248455507680774,17.86975860595703,,0.6799265146255493,1262.65576171875
offline-run-20260710_005859-t91etvzb,90,93184,0.12903225421905518,11.377487761899829,13.814359664916992,,0.6430777907371521,1258.707763671875
offline-run-20260710_005859-t91etvzb,91,94208,0.12121212482452393,11.498699886724353,10.461831092834473,,0.7026094198226929,1259.547607421875
offline-run-20260710_005859-t91etvzb,92,95232,0.13333334028720856,11.632033227011561,16.09281349182129,,0.5827277302742004,1272.2476806640625
offline-run-20260710_005859-t91etvzb,93,96256,0.09375,11.725783227011561,15.908797264099121,,0.6684014201164246,1266.169189453125
offline-run-20260710_005859-t91etvzb,94,97280,0.17142857611179352,11.897211803123355,12.67951774597168,,0.6580458283424377,1279.5230712890625
offline-run-20260710_005859-t91etvzb,95,98304,0.20000000298023224,12.097211806103587,5.172840595245361,,0.5464038848876953,1284.8372802734375
offline-run-20260710_005859-t91etvzb,96,99328,0.10000000149011612,12.197211807593703,18.104814529418945,,0.5442450046539307,1275.39599609375
offline-run-20260710_005859-t91etvzb,97,100352,0.12121212482452393,12.318423932418227,13.692873001098633,,0.6368776559829712,1272.6395263671875
offline-run-20260710_005859-t91etvzb,98,101376,0.21212121844291687,12.530545150861144,11.701111793518066,,0.4938986897468567,1255.354736328125
offline-run-20260710_005859-t91etvzb,99,102400,0.09090909361839294,12.621454244479537,15.580062866210938,,0.7307795286178589,1281.4425048828125
offline-run-20260710_010502-iicxfiri,0,1024,0.5833333134651184,0.5833333134651184,-25.203033447265625,,-0.034320469945669174,1214.297119140625
offline-run-20260710_010502-iicxfiri,1,2048,0.09090909361839294,0.6742424070835114,15.326713562011719,,0.7433001399040222,1189.187744140625
offline-run-20260710_010502-iicxfiri,2,3072,0.19354838132858276,0.8677907884120941,15.582191467285156,,0.6369513869285583,1204.2392578125
offline-run-20260710_010502-iicxfiri,3,4096,0.15625,1.0240407884120941,11.921985626220703,,0.5629273653030396,1199.83154296875
offline-run-20260710_010502-iicxfiri,4,5120,0.054054055362939835,1.078094843775034,18.164682388305664,,0.6308066248893738,1190.6435546875
offline-run-20260710_010502-iicxfiri,5,6144,0.06666667014360428,1.1447615139186382,15.310965538024902,,0.6254787445068359,1203.028564453125
offline-run-20260710_010502-iicxfiri,6,7168,0.0555555559694767,1.200317069888115,16.82907485961914,,0.5931201577186584,1179.326171875
offline-run-20260710_010502-iicxfiri,7,8192,0.11764705926179886,1.3179641291499138,14.53040599822998,,0.6360597014427185,1190.7548828125
offline-run-20260710_010502-iicxfiri,8,9216,0.1428571492433548,1.4608212783932686,17.527359008789062,,0.5923498272895813,1199.8541259765625
offline-run-20260710_010502-iicxfiri,9,10240,0.0882352963089943,1.5490565747022629,15.978737831115723,,0.7752290368080139,1179.48876953125
offline-run-20260710_010502-iicxfiri,10,11264,0.1111111119389534,1.6601676866412163,10.990476608276367,,0.7119944095611572,1190.7950439453125
offline-run-20260710_010502-iicxfiri,11,12288,0.10000000149011612,1.7601676881313324,15.508666038513184,,0.6558048725128174,1194.9893798828125
offline-run-20260710_010502-iicxfiri,12,13312,0.0810810774564743,1.8412487655878067,15.07556438446045,,0.6399332284927368,1180.761962890625
offline-run-20260710_010502-iicxfiri,13,14336,0.1666666716337204,2.007915437221527,13.587218284606934,,0.6201125979423523,1215.43408203125
offline-run-20260710_010502-iicxfiri,14,15360,0.125,2.132915437221527,17.182491302490234,,0.6662030816078186,1205.6583251953125
offline-run-20260710_012244-dt2j103v,2,768,0.875,0.875,-46.32522201538086,,-0.4992343783378601,1198.7254638671875
offline-run-20260710_012244-dt2j103v,4,1280,0.1764705926179886,1.0514705926179886,12.77534008026123,,0.44973069429397583,1208.7347412109375
offline-run-20260710_012244-dt2j103v,6,1792,0.0625,1.1139705926179886,13.774154663085938,,0.7441277503967285,1213.5460205078125
offline-run-20260710_012244-dt2j103v,8,2304,0.23529411852359772,1.3492647111415863,9.313871383666992,,0.5831729173660278,1200.4090576171875
offline-run-20260710_012244-dt2j103v,10,2816,0.125,1.4742647111415863,13.474355697631836,,0.6253683567047119,1229.4658203125
offline-run-20260710_012244-dt2j103v,12,3328,0,1.4742647111415863,21.437881469726562,,0.6072298884391785,1205.8582763671875
offline-run-20260710_012244-dt2j103v,14,3840,0.125,1.5992647111415863,15.871232032775879,,0.8617060780525208,1226.975341796875
offline-run-20260710_012244-dt2j103v,17,4608,0.13636364042758942,1.7356283515691757,17.230886459350586,,0.5659734010696411,1244.3277587890625
offline-run-20260710_012244-dt2j103v,20,5376,0.03703703731298447,1.7726653888821602,17.90599250793457,,0.7294278740882874,1158.8896484375
offline-run-20260710_012244-dt2j103v,22,5888,0.11764705926179886,1.890312448143959,12.400970458984375,,0.6552790403366089,1190.631103515625
offline-run-20260710_012244-dt2j103v,24,6400,0.0555555559694767,1.9458680041134357,10.889153480529785,,0.6619923710823059,1283.15771484375
offline-run-20260710_012244-dt2j103v,27,7168,0.10000000149011612,2.045868005603552,18.443031311035156,,0.5326089262962341,1237.677001953125
offline-run-20260710_012244-dt2j103v,29,7680,0.05882352963089943,2.1046915352344513,18.488794326782227,,0.8205433487892151,1218.2322998046875
offline-run-20260710_012257-ugep7518,2,768,0.7777777910232544,0.7777777910232544,-41.54678726196289,,-0.3564331829547882,1237.479736328125
offline-run-20260710_012257-ugep7518,5,1536,0.1818181872367859,0.9595959782600403,12.54632568359375,,0.4062994122505188,1187.9818115234375
offline-run-20260710_012257-ugep7518,7,2048,0.0625,1.0220959782600403,17.703134536743164,,0.8286441564559937,1206.4541015625
offline-run-20260710_012257-ugep7518,9,2560,0.11764705926179886,1.1397430375218391,12.355560302734375,,0.48814353346824646,1219.287841796875
offline-run-20260710_012257-ugep7518,12,3328,0.0833333358168602,1.2230763733386993,16.245203018188477,,0.5560666918754578,1176.8653564453125
offline-run-20260710_012257-ugep7518,15,4096,0.03999999910593033,1.2630763724446297,17.82286834716797,,0.690199077129364,1201.401611328125
offline-run-20260710_012257-ugep7518,17,4608,0.1764705926179886,1.4395469650626183,8.969457626342773,,0.5268909931182861,1196.347900390625
offline-run-20260710_012257-ugep7518,20,5376,0,1.4395469650626183,20.426380157470703,,0.7360212206840515,1174.5150146484375
offline-run-20260710_012257-ugep7518,23,6144,0.13636364042758942,1.5759106054902077,16.01394271850586,,0.6557183265686035,1199.390380859375
offline-run-20260710_012257-ugep7518,25,6656,0,1.5759106054902077,20.415565490722656,,0.7412214875221252,1201.39990234375
offline-run-20260710_012257-ugep7518,27,7168,0.05882352963089943,1.634734135121107,18.48201560974121,,0.634360671043396,1195.831298828125
offline-run-20260710_012257-ugep7518,29,7680,0.05882352963089943,1.6935576647520065,16.104244232177734,,0.6520395874977112,1214.4942626953125
offline-run-20260710_012514-pb0rffa7,1,512,0.875,0.875,-26.070220947265625,,-0.4879637360572815,1175.1627197265625
offline-run-20260710_012514-pb0rffa7,3,1024,0.29411765933036804,1.169117659330368,11.183467864990234,,0.43499135971069336,1199.3709716796875
offline-run-20260710_012514-pb0rffa7,5,1536,0.1818181872367859,1.350935846567154,12.180924415588379,,0.56439608335495,1167.59326171875
offline-run-20260710_012514-pb0rffa7,7,2048,0.1111111119389534,1.4620469585061073,12.190896987915039,,0.35419005155563354,1202.573486328125
offline-run-20260710_012514-pb0rffa7,9,2560,0.10000000149011612,1.5620469599962234,13.05377197265625,,0.4945273995399475,1203.3641357421875
offline-run-20260710_012514-pb0rffa7,11,3072,0.1666666716337204,1.7287136316299438,14.511605262756348,,0.5257716178894043,1226.2762451171875
offline-run-20260710_012514-pb0rffa7,13,3584,0.21052631735801697,1.9392399489879608,14.625272750854492,,0.5028594136238098,1253.329345703125
offline-run-20260710_012514-pb0rffa7,15,4096,0.10526315867900848,2.0445031076669693,11.262821197509766,,0.5604498982429504,1239.51123046875
offline-run-20260710_012514-pb0rffa7,17,4608,0.20000000298023224,2.2445031106472015,13.33552074432373,,0.45070013403892517,1198.74609375
offline-run-20260710_012514-pb0rffa7,19,5120,0.25,2.4945031106472015,9.282975196838379,,0.26305556297302246,1220.041748046875
offline-run-20260710_012514-pb0rffa7,21,5632,0.15789473056793213,2.6523978412151337,11.189847946166992,,0.45322081446647644,1270.741943359375
offline-run-20260710_012514-pb0rffa7,23,6144,0.10526315867900848,2.757660999894142,10.18822956085205,,0.3951919972896576,1283.373779296875
offline-run-20260710_012514-pb0rffa7,25,6656,0.2380952388048172,2.9957562386989594,10.237940788269043,,0.511624813079834,1279.3060302734375
offline-run-20260710_012514-pb0rffa7,27,7168,0.1304347813129425,3.126191020011902,10.343364715576172,,0.32798445224761963,1271.798828125
offline-run-20260710_012514-pb0rffa7,29,7680,0,3.126191020011902,15.504318237304688,,0.532417356967926,1275.8031005859375
offline-run-20260710_012515-lmz55ff1,1,512,0.875,0.875,-24.539722442626953,,-0.4879637360572815,1192.9444580078125
offline-run-20260710_012515-lmz55ff1,3,1024,0.2222222238779068,1.0972222238779068,9.155257225036621,,0.3924320936203003,1253.4034423828125
offline-run-20260710_012515-lmz55ff1,5,1536,0.30434781312942505,1.4015700370073318,9.61996078491211,,0.37174299359321594,1189.770263671875
offline-run-20260710_012515-lmz55ff1,7,2048,0.043478261679410934,1.4450482986867428,12.527689933776855,,0.4580605626106262,1169.52197265625
offline-run-20260710_012515-lmz55ff1,9,2560,0.22727273404598236,1.6723210327327251,11.340494155883789,,0.4852302670478821,1156.42724609375
offline-run-20260710_012515-lmz55ff1,11,3072,0.2777777910232544,1.9500988237559795,10.494985580444336,,0.3732013702392578,1147.2431640625
offline-run-20260710_012515-lmz55ff1,13,3584,0.05263157933950424,2.002730403095484,15.513202667236328,,0.6467683911323547,1205.727783203125
offline-run-20260710_012515-lmz55ff1,15,4096,0.05263157933950424,2.055361982434988,15.545376777648926,,0.503993809223175,1146.6953125
offline-run-20260710_012515-lmz55ff1,17,4608,0.190476194024086,2.245838176459074,12.043876647949219,,0.3918316662311554,1182.601806640625
offline-run-20260710_012515-lmz55ff1,19,5120,0.2222222238779068,2.468060400336981,12.50649642944336,,0.3712548017501831,1209.301025390625
offline-run-20260710_012515-lmz55ff1,21,5632,0.08695652335882187,2.5550169236958027,14.386855125427246,,0.6303154230117798,1214.328125
offline-run-20260710_012515-lmz55ff1,23,6144,0.15000000596046448,2.705016929656267,7.801582336425781,,0.5537716150283813,1202.4185791015625
offline-run-20260710_012515-lmz55ff1,25,6656,0.1818181872367859,2.886835116893053,7.894458293914795,,0.3314732313156128,1182.77490234375
offline-run-20260710_012515-lmz55ff1,27,7168,0.25,3.136835116893053,11.094915390014648,,0.5561279058456421,1185.2127685546875
offline-run-20260710_012515-lmz55ff1,29,7680,0.1666666716337204,3.3035017885267735,10.667717933654785,,0.3801606297492981,1116.858642578125
offline-run-20260710_014447-15evcnsy,5,1536,0.9375,0.9375,-122.64680480957031,0.999999463558197,-0.5000197887420654,1237.2783203125
offline-run-20260710_014447-15evcnsy,10,2816,0,0.9375,33.8983039855957,9.962693781062626e-09,1.2066915035247803,1230.363037109375
offline-run-20260710_014447-15evcnsy,15,4096,0,0.9375,31.02596092224121,0,1.7125548124313354,1194.5279541015625
offline-run-20260710_014447-15evcnsy,20,5376,0,0.9375,31.112783432006836,0,1.4707082509994507,1225.1373291015625
offline-run-20260710_014447-15evcnsy,25,6656,0,0.9375,32.690673828125,0.0009108755621127784,1.5194603204727173,1226.0682373046875
offline-run-20260710_014447-dpx91hng,5,1536,0.9375,0.9375,-162.53131103515625,0.999999463558197,-0.49940505623817444,1219.051513671875
offline-run-20260710_014447-dpx91hng,10,2816,0,0.9375,33.793636322021484,6.559402354611166e-09,1.0600242614746094,1221.50732421875
offline-run-20260710_014447-dpx91hng,14,3840,0,0.9375,33.00340270996094,0,1.5957223176956177,1226.8829345703125
offline-run-20260710_014447-dpx91hng,18,4864,0,0.9375,31.134647369384766,0.062499918043613434,1.3891048431396484,1205.9307861328125
offline-run-20260710_014447-dpx91hng,23,6144,0,0.9375,29.577486038208008,7.929398804229493e-10,1.6672985553741455,1194.2952880859375
offline-run-20260710_014447-dpx91hng,27,7168,0,0.9375,30.336441040039062,0,1.425348162651062,1201.3929443359375
offline-run-20260710_015156-aun0q1s7,5,1536,0.875,0.875,-144.33148193359375,0,-0.5452272891998291,1181.7130126953125
offline-run-20260710_015156-aun0q1s7,10,2816,0,0.875,31.658681869506836,0,1.5575652122497559,1209.015869140625
offline-run-20260710_015156-aun0q1s7,15,4096,0,0.875,31.427019119262695,0,1.1341415643692017,1280.14306640625
offline-run-20260710_015156-aun0q1s7,20,5376,0,0.875,34.326107025146484,0,1.3916921615600586,1184.4608154296875
offline-run-20260710_015156-aun0q1s7,25,6656,0,0.875,35.07748031616211,0,1.2279713153839111,1225.9312744140625
offline-run-20260710_015156-aun0q1s7,30,7936,0,0.875,30.15696907043457,0,1.7898693084716797,1233.9375
offline-run-20260710_015156-aun0q1s7,35,9216,0,0.875,34.345088958740234,0,1.477062702178955,1176.885009765625
offline-run-20260710_015156-aun0q1s7,40,10496,0,0.875,33.51580810546875,0,1.4128451347351074,1221.394775390625
offline-run-20260710_015156-aun0q1s7,44,11520,0,0.875,33.673954010009766,0,1.3000118732452393,1265.1033935546875
offline-run-20260710_015156-aun0q1s7,49,12800,0,0.875,29.729000091552734,0,1.6657297611236572,1257.724365234375
offline-run-20260710_015156-aun0q1s7,54,14080,0,0.875,30.636362075805664,0,1.6202888488769531,1291.7137451171875
offline-run-20260710_015156-bep9ilm0,5,1536,0.875,0.875,-154.80018615722656,0.9999992847442627,-0.46838855743408203,1170.69580078125
offline-run-20260710_015156-bep9ilm0,9,2560,0,0.875,30.26961326599121,3.366826106798726e-08,1.413707971572876,1210.743896484375
offline-run-20260710_015156-bep9ilm0,13,3584,0,0.875,30.146194458007812,0,1.5944819450378418,1211.982177734375
offline-run-20260710_015156-bep9ilm0,18,4864,0,0.875,30.073062896728516,0,1.5627905130386353,1196.441162109375
offline-run-20260710_015156-bep9ilm0,23,6144,0,0.875,32.806400299072266,0,1.3652658462524414,1229.1153564453125
offline-run-20260710_015156-bep9ilm0,27,7168,0,0.875,31.27997398376465,0,1.7101753950119019,1198.5552978515625
offline-run-20260710_015156-bep9ilm0,32,8448,0,0.875,33.83656692504883,0,1.3201546669006348,1176.6241455078125
offline-run-20260710_015156-bep9ilm0,36,9472,0,0.875,32.39448547363281,0,1.725292444229126,1170.21728515625
offline-run-20260710_015156-bep9ilm0,41,10752,0,0.875,32.22090148925781,0,1.5019235610961914,1231.8280029296875
offline-run-20260710_015156-bep9ilm0,46,12032,0,0.875,33.43611526489258,0,1.3663979768753052,1254.226318359375
offline-run-20260710_015156-bep9ilm0,51,13312,0,0.875,29.784854888916016,0,1.74978506565094,1233.0003662109375
offline-run-20260710_015156-bep9ilm0,56,14592,0,0.875,33.467803955078125,0.014577778056263924,1.287213683128357,1214.3017578125
offline-run-20260710_015156-hw2twnt5,5,1536,0.9375,0.9375,-170.55303955078125,0.999999463558197,-0.5005378127098083,1236.9189453125
offline-run-20260710_015156-hw2twnt5,10,2816,0,0.9375,23.885353088378906,1.0152708007638012e-08,1.3101218938827515,1284.188232421875
offline-run-20260710_015156-hw2twnt5,14,3840,0,0.9375,20.42724609375,0,1.5644594430923462,1260.669189453125
offline-run-20260710_015156-hw2twnt5,19,5120,0,0.9375,18.63424301147461,0,1.4006404876708984,1268.133056640625
offline-run-20260710_015156-hw2twnt5,24,6400,0,0.9375,25.483476638793945,0,1.2944989204406738,1246.223876953125
offline-run-20260710_015156-hw2twnt5,29,7680,0,0.9375,22.052444458007812,0,1.5424489974975586,1243.651123046875
offline-run-20260710_015156-hw2twnt5,34,8960,0,0.9375,21.625158309936523,0.015087421052157879,1.2297840118408203,1243.6004638671875
offline-run-20260710_015156-hw2twnt5,38,9984,0,0.9375,22.206993103027344,0,1.4832351207733154,1257.9840087890625
offline-run-20260710_015156-hw2twnt5,43,11264,0,0.9375,21.40521812438965,0,1.6952626705169678,1221.4873046875
offline-run-20260710_015156-hw2twnt5,48,12544,0,0.9375,23.929338455200195,0,1.4570307731628418,1214.616943359375
offline-run-20260710_015156-hw2twnt5,53,13824,0,0.9375,24.0300235748291,0.030549392104148865,1.2769498825073242,1203.47216796875
offline-run-20260710_015156-hw2twnt5,58,15104,0,0.9375,24.578369140625,0,1.4293540716171265,1156.128173828125
offline-run-20260710_015157-gypcdse5,5,1536,0.875,0.875,-184.67991638183594,0.9999993443489075,-0.5570261478424072,1165.1182861328125
offline-run-20260710_015157-gypcdse5,9,2560,0,0.875,30.950735092163086,2.4933477504873736e-08,1.2782891988754272,1188.5888671875
offline-run-20260710_015157-gypcdse5,15,4096,0,0.875,32.78715896606445,0,1.4859542846679688,1204.5709228515625
offline-run-20260710_015157-gypcdse5,19,5120,0,0.875,31.49518585205078,0,1.6214876174926758,1209.53271484375
offline-run-20260710_015157-gypcdse5,24,6400,0,0.875,29.70018768310547,0,1.487448811531067,1214.730224609375
offline-run-20260710_015157-gypcdse5,29,7680,0,0.875,30.055585861206055,0,1.4642637968063354,1218.99169921875
offline-run-20260710_015157-gypcdse5,34,8960,0,0.875,31.104747772216797,0,1.2705413103103638,1193.075927734375
offline-run-20260710_015157-gypcdse5,38,9984,0,0.875,32.15693664550781,0,1.5969418287277222,1233.7227783203125
offline-run-20260710_015157-gypcdse5,43,11264,0,0.875,31.705730438232422,0,1.4984451532363892,1249.9041748046875
offline-run-20260710_015157-gypcdse5,48,12544,0,0.875,30.154205322265625,0,1.369492530822754,1243.6634521484375
offline-run-20260710_015157-gypcdse5,53,13824,0,0.875,31.04942512512207,0,1.3406496047973633,1191.8350830078125
offline-run-20260710_015157-gypcdse5,58,15104,0,0.875,31.557050704956055,0.0117647061124444,1.5848792791366577,1256.2119140625
offline-run-20260710_020909-449dito1,5,1536,0,0.0,32.51237869262695,0.032613690942525864,2.203641414642334,1168.7520751953125
offline-run-20260710_020909-449dito1,10,2816,0,0.0,30.559947967529297,0.17290949821472168,1.5432885885238647,1173.607177734375
offline-run-20260710_020909-449dito1,14,3840,0,0.0,31.904983520507812,0.16625845432281494,1.768319010734558,1263.7279052734375
offline-run-20260710_020909-449dito1,19,5120,0.05882352963089943,0.05882352963089943,30.54156494140625,0.12194240838289261,1.655347466468811,1205.388671875
offline-run-20260710_020909-449dito1,24,6400,0,0.05882352963089943,32.92618179321289,0.032201655209064484,2.3806307315826416,1210.8414306640625
offline-run-20260710_020909-449dito1,29,7680,0,0.05882352963089943,33.88361358642578,0.1668655127286911,1.2934421300888062,1185.309814453125
offline-run-20260710_020909-449dito1,34,8960,0,0.05882352963089943,29.319284439086914,0.07016602903604507,2.065140962600708,1236.1304931640625
offline-run-20260710_020909-449dito1,39,10240,0.0476190485060215,0.10644257813692093,29.840641021728516,0.09667517989873886,1.8634167909622192,1216.3924560546875
offline-run-20260710_020909-449dito1,44,11520,0,0.10644257813692093,33.83282470703125,0.030210502445697784,2.1852774620056152,1186.015625
offline-run-20260710_020909-449dito1,49,12800,0,0.10644257813692093,30.571308135986328,0.13130606710910797,1.8267407417297363,1214.15966796875
offline-run-20260710_020909-449dito1,54,14080,0,0.10644257813692093,31.584741592407227,0.09898591041564941,3.010479688644409,1201.163330078125
offline-run-20260710_020909-449dito1,58,15104,0,0.10644257813692093,28.263256072998047,0.22091920673847198,1.4565017223358154,1205.1954345703125
offline-run-20260710_020909-cxdtbbvd,6,1792,0,0.0,30.634750366210938,0.050642792135477066,2.166245937347412,1227.2091064453125
offline-run-20260710_020909-cxdtbbvd,11,3072,0,0.0,29.680824279785156,0.12683147192001343,2.1169469356536865,1248.8065185546875
offline-run-20260710_020909-cxdtbbvd,15,4096,0,0.0,31.1451473236084,0.038724385201931,2.8947951793670654,1272.37841796875
offline-run-20260710_020909-cxdtbbvd,20,5376,0,0.0,25.037097930908203,0.12871958315372467,1.6348925828933716,1297.79052734375
offline-run-20260710_020909-cxdtbbvd,25,6656,0,0.0,26.019052505493164,0.09921984374523163,2.1186912059783936,1313.2562255859375
offline-run-20260710_020909-cxdtbbvd,30,7936,0.05263157933950424,0.05263157933950424,23.304264068603516,0.052821386605501175,2.3785598278045654,1308.618408203125
offline-run-20260710_020909-cxdtbbvd,34,8960,0,0.05263157933950424,24.297014236450195,0.13345323503017426,1.9188059568405151,1250.0325927734375
offline-run-20260710_020909-cxdtbbvd,39,10240,0,0.05263157933950424,28.343740463256836,0.06312976032495499,2.850090503692627,1255.8582763671875
offline-run-20260710_020909-cxdtbbvd,43,11264,0,0.05263157933950424,27.633588790893555,0.0774107277393341,2.123039960861206,1229.552490234375
offline-run-20260710_020909-cxdtbbvd,48,12544,0,0.05263157933950424,28.288297653198242,0.13640326261520386,2.581557273864746,1282.38671875
offline-run-20260710_020909-cxdtbbvd,52,13568,0,0.05263157933950424,25.83812713623047,0.13205000758171082,2.2534704208374023,1206.6607666015625
offline-run-20260710_020909-cxdtbbvd,56,14592,0.0625,0.11513157933950424,21.179977416992188,0.11512771248817444,2.569058418273926,1180.62158203125
offline-run-20260710_020909-ecteos8q,5,1536,0,0.0,32.91465759277344,0,2.1630189418792725,1210.03759765625
offline-run-20260710_020909-ecteos8q,10,2816,0,0.0,29.722232818603516,0,1.7323048114776611,1187.628173828125
offline-run-20260710_020909-ecteos8q,14,3840,0,0.0,32.5763053894043,0,1.9610458612442017,1209.1761474609375
offline-run-20260710_020909-ecteos8q,20,5376,0,0.0,31.416397094726562,0,1.867238998413086,1205.2957763671875
offline-run-20260710_020909-ecteos8q,25,6656,0.1111111119389534,0.1111111119389534,27.972341537475586,0,1.301673412322998,1228.26318359375
offline-run-20260710_020909-ecteos8q,30,7936,0,0.1111111119389534,34.00117874145508,0,2.094454526901245,1245.025146484375
offline-run-20260710_020909-ecteos8q,34,8960,0,0.1111111119389534,31.21596908569336,0,1.9577277898788452,1215.740478515625
offline-run-20260710_020909-ecteos8q,39,10240,0,0.1111111119389534,31.615018844604492,0,1.8994228839874268,1212.08935546875
offline-run-20260710_020909-ecteos8q,44,11520,0,0.1111111119389534,32.14615249633789,0,1.5888510942459106,1194.400390625
offline-run-20260710_020909-ecteos8q,48,12544,0.0625,0.1736111119389534,34.48078536987305,0,2.056485414505005,1175.58154296875
offline-run-20260710_020909-ecteos8q,53,13824,0,0.1736111119389534,30.81410789489746,0,2.297767400741577,1191.9468994140625
offline-run-20260710_020909-ecteos8q,58,15104,0.05263157933950424,0.22624269127845764,31.159950256347656,0,1.8194923400878906,1200.69189453125
offline-run-20260710_020909-hctjtfg2,5,1536,0,0.0,32.33734130859375,0,2.1975293159484863,1176.02783203125
offline-run-20260710_020909-hctjtfg2,9,2560,0,0.0,30.775188446044922,0,1.882924199104309,1195.8121337890625
offline-run-20260710_020909-hctjtfg2,15,4096,0,0.0,30.528608322143555,0,2.3837592601776123,1196.0767822265625
offline-run-20260710_020909-hctjtfg2,20,5376,0,0.0,33.86879348754883,0,2.3590235710144043,1206.660888671875
offline-run-20260710_020909-hctjtfg2,25,6656,0.05263157933950424,0.05263157933950424,29.73834228515625,0,2.2123076915740967,1228.2626953125
offline-run-20260710_020909-hctjtfg2,30,7936,0.05263157933950424,0.10526315867900848,32.794036865234375,0,1.7584770917892456,1264.97265625
offline-run-20260710_020909-hctjtfg2,35,9216,0,0.10526315867900848,30.1903018951416,0,1.809891939163208,1193.0198974609375
offline-run-20260710_020909-hctjtfg2,40,10496,0,0.10526315867900848,30.946510314941406,0,2.1977927684783936,1298.860595703125
offline-run-20260710_020909-hctjtfg2,45,11776,0.125,0.23026315867900848,26.868534088134766,0,1.9782207012176514,1224.833984375
offline-run-20260710_020909-hctjtfg2,50,13056,0,0.23026315867900848,32.11630630493164,0,2.1763951778411865,1262.4910888671875
offline-run-20260710_020909-hctjtfg2,55,14336,0,0.23026315867900848,28.034879684448242,0,1.4316133260726929,1272.6121826171875
offline-run-20260710_022139-0d8xr853,5,1536,0,0.0,30.66246795654297,0.009999999776482582,2.797795057296753,1160.6094970703125
offline-run-20260710_022139-0d8xr853,10,2816,0,0.0,25.449913024902344,0.10062263906002045,1.9872004985809326,1204.083251953125
offline-run-20260710_022139-0d8xr853,15,4096,0,0.0,32.34010314941406,0.07518263161182404,1.8076750040054321,1245.0621337890625
offline-run-20260710_022139-0d8xr853,20,5376,0,0.0,25.914369583129883,0.16821250319480896,2.0857133865356445,1158.781005859375
offline-run-20260710_022139-0d8xr853,24,6400,0,0.0,29.48708152770996,0.09411558508872986,2.760380744934082,1203.45703125
offline-run-20260710_022139-0d8xr853,29,7680,0,0.0,24.887643814086914,0.1680135577917099,1.8214514255523682,1136.8931884765625
offline-run-20260710_022139-0d8xr853,34,8960,0,0.0,28.24764060974121,0.11170323938131332,2.0021655559539795,1200.951416015625
offline-run-20260710_022139-0d8xr853,39,10240,0.05000000074505806,0.05000000074505806,27.672626495361328,0.1626744568347931,2.147611141204834,1220.112060546875
offline-run-20260710_022139-0d8xr853,44,11520,0,0.05000000074505806,27.693132400512695,0.0670354962348938,1.631595492362976,1162.3587646484375
offline-run-20260710_022139-0d8xr853,49,12800,0,0.05000000074505806,30.507137298583984,0.1082921028137207,2.038094997406006,1213.9747314453125
offline-run-20260710_022139-0d8xr853,54,14080,0,0.05000000074505806,27.05485725402832,0.21870027482509613,1.6951515674591064,1191.781005859375
offline-run-20260710_022139-0d8xr853,58,15104,0,0.05000000074505806,28.830795288085938,0.12388703227043152,2.4260740280151367,1172.636474609375
offline-run-20260710_022139-0d8xr853,63,16384,0,0.05000000074505806,31.828899383544922,0.11851366609334946,1.9054464101791382,1196.9013671875
offline-run-20260710_022139-0d8xr853,67,17408,0,0.05000000074505806,27.192764282226562,0.14489027857780457,1.9321985244750977,1183.511474609375
offline-run-20260710_022139-0d8xr853,72,18688,0,0.05000000074505806,20.448657989501953,0.3560897409915924,1.2855592966079712,1152.574951171875
offline-run-20260710_022139-0d8xr853,77,19968,0,0.05000000074505806,28.729652404785156,0.08615075796842575,2.5343260765075684,1169.0220947265625
offline-run-20260710_022139-0d8xr853,82,21248,0.0555555559694767,0.10555555671453476,26.05276107788086,0.2082701325416565,1.959309458732605,1166.3455810546875
offline-run-20260710_022139-0d8xr853,87,22528,0,0.10555555671453476,31.763845443725586,0.0692918449640274,2.140047073364258,1174.79833984375
offline-run-20260710_022139-0d8xr853,92,23808,0,0.10555555671453476,29.09254264831543,0.10042595118284225,1.4532160758972168,1184.9661865234375
offline-run-20260710_022139-0d8xr853,96,24832,0,0.10555555671453476,32.712955474853516,0.11081297695636749,2.139268636703491,1186.025390625
offline-run-20260710_022139-0d8xr853,101,26112,0.11764705926179886,0.22320261597633362,19.658472061157227,0.2401706725358963,1.2970373630523682,1215.7808837890625
offline-run-20260710_022139-0d8xr853,106,27392,0,0.22320261597633362,29.64528465270996,0.04923267662525177,1.8299741744995117,1268.9451904296875
offline-run-20260710_022139-0d8xr853,111,28672,0.05263157933950424,0.27583419531583786,28.61797523498535,0.0707525908946991,2.580153465270996,1274.1287841796875
offline-run-20260710_022139-0d8xr853,116,29952,0,0.27583419531583786,25.813547134399414,0.07502711564302444,1.6604639291763306,1194.843505859375
offline-run-20260710_022139-j5s4wofy,5,1536,0,0.0,30.478168487548828,0,2.317216634750366,1193.994384765625
offline-run-20260710_022139-j5s4wofy,10,2816,0,0.0,31.999893188476562,0,2.3769004344940186,1200.739501953125
offline-run-20260710_022139-j5s4wofy,14,3840,0,0.0,31.98643684387207,0,2.436539649963379,1189.310546875
offline-run-20260710_022139-j5s4wofy,19,5120,0,0.0,30.83246612548828,0,2.5695130825042725,1187.80908203125
offline-run-20260710_022139-j5s4wofy,24,6400,0,0.0,32.27082824707031,0,2.408884286880493,1154.0955810546875
offline-run-20260710_022139-j5s4wofy,29,7680,0.05882352963089943,0.05882352963089943,29.771211624145508,0,2.033097267150879,1226.1156005859375
offline-run-20260710_022139-j5s4wofy,34,8960,0.0555555559694767,0.11437908560037613,32.052574157714844,0,2.451676368713379,1213.3753662109375
offline-run-20260710_022139-j5s4wofy,39,10240,0,0.11437908560037613,31.67395782470703,0,1.4351695775985718,1221.279052734375
offline-run-20260710_022139-j5s4wofy,44,11520,0,0.11437908560037613,35.7348518371582,0,1.5578862428665161,1229.70556640625
offline-run-20260710_022139-j5s4wofy,50,13056,0,0.11437908560037613,34.76411819458008,0,2.119572877883911,1218.738037109375
offline-run-20260710_022139-j5s4wofy,56,14592,0,0.11437908560037613,32.905635833740234,0,1.918044090270996,1190.1524658203125
offline-run-20260710_022139-j5s4wofy,61,15872,0.0625,0.17687908560037613,29.720975875854492,0,2.079793930053711,1208.5177001953125
offline-run-20260710_022139-j5s4wofy,66,17152,0,0.17687908560037613,33.17399978637695,0,2.444002628326416,1193.2100830078125
offline-run-20260710_022139-j5s4wofy,71,18432,0,0.17687908560037613,32.371089935302734,0,1.9405405521392822,1260.6995849609375
offline-run-20260710_022139-j5s4wofy,75,19456,0,0.17687908560037613,32.11886978149414,0,2.3563826084136963,1263.716064453125
offline-run-20260710_022139-j5s4wofy,80,20736,0,0.17687908560037613,30.445711135864258,0,2.1306803226470947,1192.9825439453125
offline-run-20260710_022139-j5s4wofy,85,22016,0,0.17687908560037613,32.12553405761719,0,2.298943519592285,1221.856201171875
offline-run-20260710_022139-j5s4wofy,90,23296,0.05882352963089943,0.23570261523127556,33.09314727783203,0,2.3990046977996826,1290.171875
offline-run-20260710_022139-j5s4wofy,94,24320,0,0.23570261523127556,30.49658203125,0,2.0828166007995605,1276.5667724609375
offline-run-20260710_022139-j5s4wofy,99,25600,0,0.23570261523127556,30.726369857788086,0,2.228686809539795,1355.89990234375
offline-run-20260710_022139-j5s4wofy,104,26880,0,0.23570261523127556,32.38135528564453,0,1.6093958616256714,1244.093505859375
offline-run-20260710_022139-j5s4wofy,109,28160,0,0.23570261523127556,29.754507064819336,0,2.5021839141845703,1257.117919921875
offline-run-20260710_022139-j5s4wofy,114,29440,0,0.23570261523127556,29.813983917236328,0,1.916175127029419,1265.230224609375
offline-run-20260710_022139-j5s4wofy,119,30720,0,0.23570261523127556,30.481136322021484,0,2.1908481121063232,1296.667236328125
offline-run-20260710_022139-renhpdkf,5,1536,0,0.0,30.5216064453125,0,2.814789295196533,1211.2803955078125
offline-run-20260710_022139-renhpdkf,10,2816,0,0.0,32.037017822265625,0,2.2669665813446045,1197.456787109375
offline-run-20260710_022139-renhpdkf,14,3840,0,0.0,31.56039047241211,0,1.84352445602417,1167.0450439453125
offline-run-20260710_022139-renhpdkf,19,5120,0,0.0,34.6190185546875,0,1.710579752922058,1202.68505859375
offline-run-20260710_022139-renhpdkf,24,6400,0,0.0,29.8172607421875,0,2.346968650817871,1185.2724609375
offline-run-20260710_022139-renhpdkf,29,7680,0,0.0,30.897953033447266,0,2.504801034927368,1171.487548828125
offline-run-20260710_022139-renhpdkf,34,8960,0,0.0,30.97634506225586,0,2.2952492237091064,1215.4462890625
offline-run-20260710_022139-renhpdkf,39,10240,0,0.0,33.077884674072266,0,2.6533021926879883,1164.1817626953125
offline-run-20260710_022139-renhpdkf,44,11520,0,0.0,32.198448181152344,0,2.004037857055664,1151.9306640625
offline-run-20260710_022139-renhpdkf,49,12800,0,0.0,33.76475143432617,0,2.3566555976867676,1208.9990234375
offline-run-20260710_022139-renhpdkf,53,13824,0,0.0,29.527400970458984,0,2.484342098236084,1175.8878173828125
offline-run-20260710_022139-renhpdkf,58,15104,0.0625,0.0625,30.762271881103516,0,1.7153289318084717,1177.787353515625
offline-run-20260710_022139-renhpdkf,62,16128,0.0625,0.125,29.003437042236328,0,1.9914848804473877,1138.276611328125
offline-run-20260710_022139-renhpdkf,67,17408,0,0.125,28.63790512084961,0,1.746017575263977,1193.9688720703125
offline-run-20260710_022139-renhpdkf,71,18432,0,0.125,28.918731689453125,0,2.1020073890686035,1219.126220703125
offline-run-20260710_022139-renhpdkf,76,19712,0,0.125,32.70351028442383,0,2.2095327377319336,1164.946533203125
offline-run-20260710_022139-renhpdkf,81,20992,0,0.125,30.802692413330078,0,1.8546271324157715,1177.7723388671875
offline-run-20260710_022139-renhpdkf,86,22272,0,0.125,30.668842315673828,0,1.881546974182129,1194.98974609375
offline-run-20260710_022139-renhpdkf,91,23552,0,0.125,30.51186180114746,0,2.084150552749634,1158.6959228515625
offline-run-20260710_022139-renhpdkf,96,24832,0,0.125,33.16050720214844,0,1.5679540634155273,1185.603759765625
offline-run-20260710_022139-renhpdkf,101,26112,0,0.125,32.35247802734375,0,2.4101576805114746,1166.6839599609375
offline-run-20260710_022139-renhpdkf,106,27392,0.0555555559694767,0.1805555559694767,31.164058685302734,0,1.1001371145248413,1172.2901611328125
offline-run-20260710_022139-renhpdkf,110,28416,0,0.1805555559694767,31.98158073425293,0,1.7133839130401611,1174.26708984375
offline-run-20260710_022139-renhpdkf,116,29952,0,0.1805555559694767,35.93649673461914,0,2.5516061782836914,1181.862548828125
offline-run-20260710_022139-tg1ne1zk,5,1536,0,0.0,29.258464813232422,0.06970150768756866,2.309899091720581,1158.099365234375
offline-run-20260710_022139-tg1ne1zk,10,2816,0,0.0,30.038589477539062,0.10020388662815094,2.5798468589782715,1224.084228515625
offline-run-20260710_022139-tg1ne1zk,14,3840,0,0.0,31.892330169677734,0.05578455701470375,2.583789348602295,1162.0919189453125
offline-run-20260710_022139-tg1ne1zk,19,5120,0,0.0,23.885347366333008,0.19351011514663696,2.1754209995269775,1186.1839599609375
offline-run-20260710_022139-tg1ne1zk,24,6400,0,0.0,28.863996505737305,0.1542002558708191,2.146462917327881,1260.7867431640625
offline-run-20260710_022139-tg1ne1zk,29,7680,0.05000000074505806,0.05000000074505806,28.48476219177246,0.04627484828233719,2.3028206825256348,1213.13134765625
offline-run-20260710_022139-tg1ne1zk,34,8960,0,0.05000000074505806,28.73834991455078,0.05341063067317009,1.891648292541504,1215.7830810546875
offline-run-20260710_022139-tg1ne1zk,38,9984,0,0.05000000074505806,28.631441116333008,0.03089345060288906,2.6666698455810547,1245.8746337890625
offline-run-20260710_022139-tg1ne1zk,43,11264,0,0.05000000074505806,24.672061920166016,0.19901639223098755,2.027284622192383,1206.89990234375
offline-run-20260710_022139-tg1ne1zk,48,12544,0,0.05000000074505806,30.077232360839844,0.07237734645605087,2.035496473312378,1214.5997314453125
offline-run-20260710_022139-tg1ne1zk,52,13568,0,0.05000000074505806,30.437074661254883,0.10898646712303162,1.5519760847091675,1189.24072265625
offline-run-20260710_022139-tg1ne1zk,56,14592,0.0625,0.11250000074505806,22.631591796875,0.17123064398765564,1.6857160329818726,1174.0211181640625
offline-run-20260710_022139-tg1ne1zk,61,15872,0,0.11250000074505806,28.885875701904297,0.04016625136137009,2.4151570796966553,1215.2684326171875
offline-run-20260710_022139-tg1ne1zk,66,17152,0,0.11250000074505806,30.084211349487305,0.07576434314250946,2.0785231590270996,1179.4632568359375
offline-run-20260710_022139-tg1ne1zk,70,18176,0,0.11250000074505806,31.023670196533203,0.08028456568717957,2.1076560020446777,1238.0399169921875
offline-run-20260710_022139-tg1ne1zk,75,19456,0.05882352963089943,0.1713235303759575,17.686370849609375,0.21279406547546387,1.789772629737854,1199.0301513671875
offline-run-20260710_022139-tg1ne1zk,80,20736,0,0.1713235303759575,29.409648895263672,0.062427014112472534,1.7304455041885376,1211.0989990234375
offline-run-20260710_022139-tg1ne1zk,85,22016,0.05000000074505806,0.22132353112101555,27.594482421875,0.1291402131319046,1.976186752319336,1227.2294921875
offline-run-20260710_022139-tg1ne1zk,90,23296,0.05882352963089943,0.280147060751915,24.0020751953125,0.06691207736730576,2.1149539947509766,1203.83740234375
offline-run-20260710_022139-tg1ne1zk,94,24320,0,0.280147060751915,28.956493377685547,0.12305493652820587,1.8625142574310303,1208.6729736328125
offline-run-20260710_022139-tg1ne1zk,99,25600,0.0625,0.342647060751915,26.092185974121094,0.16633526980876923,1.960429072380066,1168.2421875
offline-run-20260710_022139-tg1ne1zk,104,26880,0,0.342647060751915,27.637866973876953,0.11353031545877457,1.858737587928772,1175.36572265625
offline-run-20260710_022139-tg1ne1zk,109,28160,0,0.342647060751915,26.850751876831055,0.2436550408601761,1.6926270723342896,1211.4212646484375
offline-run-20260710_022139-tg1ne1zk,114,29440,0,0.342647060751915,27.366355895996094,0.10472599416971207,2.7478606700897217,1197.9796142578125
offline-run-20260710_022139-tg1ne1zk,119,30720,0,0.342647060751915,30.374547958374023,0.06456107646226883,1.7713863849639893,1164.304443359375
offline-run-20260710_023408-bff2f8in,5,1536,0,0.0,32.93427658081055,0.05265787988901138,2.1648027896881104,1216.369873046875
offline-run-20260710_023408-bff2f8in,10,2816,0,0.0,32.45834732055664,0.0626387819647789,2.5458834171295166,1199.833251953125
offline-run-20260710_023408-bff2f8in,15,4096,0,0.0,31.963237762451172,0.142433762550354,2.07480525970459,1224.866455078125
offline-run-20260710_023408-bff2f8in,19,5120,0,0.0,31.791078567504883,0.11924189329147339,1.7348411083221436,1224.948974609375
offline-run-20260710_023408-bff2f8in,24,6400,0.05263157933950424,0.05263157933950424,29.56178092956543,0.14507877826690674,1.7261736392974854,1176.3177490234375
offline-run-20260710_023408-bff2f8in,29,7680,0,0.05263157933950424,31.739946365356445,0.0589522123336792,1.99359130859375,1217.9688720703125
offline-run-20260710_023408-bff2f8in,34,8960,0,0.05263157933950424,30.98518180847168,0.0753825306892395,2.083763360977173,1202.5299072265625
offline-run-20260710_023408-bff2f8in,39,10240,0,0.05263157933950424,31.285551071166992,0.03644357994198799,2.5513105392456055,1216.38330078125
offline-run-20260710_023408-bff2f8in,43,11264,0,0.05263157933950424,33.8053092956543,0.07747198641300201,1.9798202514648438,1225.9288330078125
offline-run-20260710_023408-bff2f8in,48,12544,0.0625,0.11513157933950424,25.74951171875,0.1264193207025528,1.845841884613037,1209.2177734375
offline-run-20260710_023408-bff2f8in,52,13568,0,0.11513157933950424,33.06365203857422,0.07003895193338394,2.3195276260375977,1219.5703125
offline-run-20260710_023408-bff2f8in,58,15104,0,0.11513157933950424,33.21113204956055,0.11332929879426956,1.8979030847549438,1212.9344482421875
offline-run-20260710_023408-bff2f8in,63,16384,0,0.11513157933950424,32.68979263305664,0.07546135038137436,2.105753183364868,1256.6370849609375
offline-run-20260710_023408-bff2f8in,68,17664,0,0.11513157933950424,31.623313903808594,0.04381942003965378,3.0774590969085693,1275.070556640625
offline-run-20260710_023408-bff2f8in,72,18688,0,0.11513157933950424,30.225671768188477,0.1301710307598114,1.7937121391296387,1243.2744140625
offline-run-20260710_023408-bff2f8in,77,19968,0,0.11513157933950424,30.896703720092773,0.11201838403940201,2.297093391418457,1264.300048828125
offline-run-20260710_023408-bff2f8in,82,21248,0,0.11513157933950424,32.31254959106445,0.17772093415260315,1.481366753578186,1267.3658447265625
offline-run-20260710_023408-bff2f8in,87,22528,0,0.11513157933950424,33.32754898071289,0.028616392984986305,2.0384340286254883,1269.6248779296875
offline-run-20260710_023408-bff2f8in,92,23808,0,0.11513157933950424,28.845232009887695,0.045403480529785156,2.391275644302368,1229.701416015625
offline-run-20260710_023408-bff2f8in,97,25088,0,0.11513157933950424,33.96894073486328,0.06886444985866547,2.082157611846924,1282.97265625
offline-run-20260710_023408-bff2f8in,102,26368,0,0.11513157933950424,32.38249969482422,0.08550642430782318,2.0587198734283447,1321.045166015625
offline-run-20260710_023408-bff2f8in,106,27392,0,0.11513157933950424,31.58973503112793,0.12534555792808533,2.0754294395446777,1341.5648193359375
offline-run-20260710_023408-bff2f8in,111,28672,0.0555555559694767,0.17068713530898094,31.700544357299805,0.0807112455368042,1.8057416677474976,1316.9295654296875
offline-run-20260710_023408-bff2f8in,116,29952,0,0.17068713530898094,29.50708770751953,0.1644057035446167,1.5791773796081543,1301.01220703125
offline-run-20260710_023408-gdjlyu7a,5,1536,0,0.0,31.774585723876953,0.06202669441699982,2.160397529602051,1602.683349609375
offline-run-20260710_023408-gdjlyu7a,10,2816,0,0.0,30.665172576904297,0.13955964148044586,1.7012388706207275,1648.129638671875
offline-run-20260710_023408-gdjlyu7a,13,3584,0.0625,0.0625,23.38060188293457,0.07427486777305603,1.8511794805526733,1615.0672607421875
offline-run-20260710_023408-gdjlyu7a,18,4864,0,0.0625,29.859853744506836,0.11106203496456146,2.810746669769287,1585.7298583984375
offline-run-20260710_023408-gdjlyu7a,23,6144,0,0.0625,31.03211212158203,0.05490277707576752,2.450143814086914,1583.7431640625
offline-run-20260710_023408-gdjlyu7a,28,7424,0,0.0625,28.34157943725586,0.16150522232055664,1.7418657541275024,1662.7916259765625
offline-run-20260710_023408-gdjlyu7a,33,8704,0,0.0625,26.575237274169922,0.2750461995601654,1.7213196754455566,1616.0496826171875
offline-run-20260710_023408-gdjlyu7a,37,9728,0,0.0625,32.150550842285156,0.09583248943090439,2.8902857303619385,1594.1285400390625
offline-run-20260710_023408-gdjlyu7a,42,11008,0,0.0625,30.650466918945312,0.018750544637441635,2.694769859313965,1611.579345703125
offline-run-20260710_023408-gdjlyu7a,47,12288,0,0.0625,30.046648025512695,0.06249995902180672,1.9686410427093506,1705.6884765625
offline-run-20260710_023408-gdjlyu7a,51,13312,0,0.0625,30.382905960083008,1.766847779194336e-10,2.1285157203674316,1712.814453125
offline-run-20260710_023408-gdjlyu7a,56,14592,0.05263157933950424,0.11513157933950424,28.0520076751709,0.052631571888923645,2.457381248474121,1688.80224609375
offline-run-20260710_023408-gdjlyu7a,61,15872,0,0.11513157933950424,27.431699752807617,0.04151220619678497,2.326580762863159,1711.3603515625
offline-run-20260710_023408-gdjlyu7a,65,16896,0,0.11513157933950424,28.376195907592773,0.06243244186043739,1.9986867904663086,1625.7733154296875
offline-run-20260710_023408-gdjlyu7a,70,18176,0,0.11513157933950424,25.336687088012695,0.11106309294700623,2.8803555965423584,1759.4442138671875
offline-run-20260710_023408-gdjlyu7a,75,19456,0,0.11513157933950424,33.468997955322266,0.0057413592003285885,2.4211642742156982,1771.25439453125
offline-run-20260710_023408-gdjlyu7a,80,20736,0,0.11513157933950424,30.6374568939209,0,2.2213103771209717,1797.215087890625
offline-run-20260710_023408-gdjlyu7a,85,22016,0,0.11513157933950424,15.293691635131836,0.25344040989875793,1.4322415590286255,1705.4095458984375
offline-run-20260710_023408-gdjlyu7a,90,23296,0,0.11513157933950424,16.728721618652344,0.2511512339115143,1.6845329999923706,1744.7095947265625
offline-run-20260710_023408-gdjlyu7a,95,24576,0,0.11513157933950424,28.2093505859375,0.10106176137924194,2.3693015575408936,1792.398681640625
offline-run-20260710_023408-gdjlyu7a,100,25856,0,0.11513157933950424,26.715591430664062,0.07586081326007843,1.8285490274429321,1806.261962890625
offline-run-20260710_023408-gdjlyu7a,105,27136,0,0.11513157933950424,27.26190185546875,0.10881383717060089,1.851609230041504,1867.6444091796875
offline-run-20260710_023408-gdjlyu7a,110,28416,0.0555555559694767,0.17068713530898094,22.008159637451172,0.12990915775299072,1.0998233556747437,1889.33349609375
offline-run-20260710_023408-gdjlyu7a,115,29696,0.0625,0.23318713530898094,17.72759246826172,0.2076842188835144,1.525039553642273,1829.7020263671875
offline-run-20260710_023408-gdjlyu7a,119,30720,0.0625,0.29568713530898094,19.518346786499023,0.048712100833654404,1.9801431894302368,1861.233154296875
offline-run-20260710_023408-qvwxg25e,5,1536,0,0.0,32.51237869262695,0.032613690942525864,2.203641414642334,1168.7520751953125
offline-run-20260710_023408-qvwxg25e,10,2816,0,0.0,30.559947967529297,0.17290949821472168,1.5432885885238647,1173.607177734375
offline-run-20260710_023408-qvwxg25e,14,3840,0,0.0,31.904983520507812,0.16625845432281494,1.768319010734558,1263.7279052734375
offline-run-20260710_023408-qvwxg25e,19,5120,0.05882352963089943,0.05882352963089943,30.54156494140625,0.12194240838289261,1.655347466468811,1205.388671875
offline-run-20260710_023408-qvwxg25e,24,6400,0,0.05882352963089943,32.92618179321289,0.032201655209064484,2.3806307315826416,1210.8414306640625
offline-run-20260710_023408-qvwxg25e,29,7680,0,0.05882352963089943,33.88361358642578,0.1668655127286911,1.2934421300888062,1185.309814453125
offline-run-20260710_023408-qvwxg25e,34,8960,0,0.05882352963089943,29.319284439086914,0.07016602903604507,2.065140962600708,1236.1304931640625
offline-run-20260710_023408-qvwxg25e,39,10240,0.0476190485060215,0.10644257813692093,29.840641021728516,0.09667517989873886,1.8634167909622192,1216.3924560546875
offline-run-20260710_023408-qvwxg25e,44,11520,0,0.10644257813692093,33.83282470703125,0.030210502445697784,2.1852774620056152,1186.015625
offline-run-20260710_023408-qvwxg25e,49,12800,0,0.10644257813692093,30.571308135986328,0.13130606710910797,1.8267407417297363,1214.15966796875
offline-run-20260710_023408-qvwxg25e,54,14080,0,0.10644257813692093,31.584741592407227,0.09898591041564941,3.010479688644409,1201.163330078125
offline-run-20260710_023408-qvwxg25e,58,15104,0,0.10644257813692093,28.263256072998047,0.22091920673847198,1.4565017223358154,1205.1954345703125
offline-run-20260710_023408-qvwxg25e,63,16384,0,0.10644257813692093,33.30551528930664,0.12127698212862015,2.338494300842285,1135.0738525390625
offline-run-20260710_023408-qvwxg25e,68,17664,0,0.10644257813692093,33.60660934448242,0.14782217144966125,2.390979051589966,1200.288818359375
offline-run-20260710_023408-qvwxg25e,72,18688,0,0.10644257813692093,32.590980529785156,0.27705103158950806,2.010967254638672,1194.2535400390625
offline-run-20260710_023408-qvwxg25e,77,19968,0,0.10644257813692093,31.38291358947754,0.02668609656393528,2.2025647163391113,1128.677001953125
offline-run-20260710_023408-qvwxg25e,81,20992,0,0.10644257813692093,33.911041259765625,0.13387472927570343,1.926354169845581,1161.670166015625
offline-run-20260710_023408-qvwxg25e,87,22528,0,0.10644257813692093,35.23487091064453,0.11457425355911255,1.589849591255188,1282.1932373046875
offline-run-20260710_023408-qvwxg25e,92,23808,0,0.10644257813692093,27.690704345703125,0.14813382923603058,2.3064868450164795,1276.4222412109375
offline-run-20260710_023408-qvwxg25e,96,24832,0,0.10644257813692093,30.18808364868164,0.11060371994972229,2.286018133163452,1184.9249267578125
offline-run-20260710_023408-qvwxg25e,101,26112,0,0.10644257813692093,32.00121307373047,0.08279763907194138,1.8690569400787354,1205.3778076171875
offline-run-20260710_023408-qvwxg25e,106,27392,0,0.10644257813692093,35.477874755859375,0.08086084574460983,2.565422534942627,1252.387939453125
offline-run-20260710_023408-qvwxg25e,110,28416,0,0.10644257813692093,30.700122833251953,0.11981511116027832,1.9127246141433716,1312.344482421875
offline-run-20260710_023408-qvwxg25e,115,29696,0,0.10644257813692093,28.457101821899414,0.12862251698970795,2.478510618209839,1269.81787109375
offline-run-20260710_023408-rdwf94g3,5,1536,0,0.0,33.18928527832031,0,2.1614930629730225,1628.028076171875
offline-run-20260710_023408-rdwf94g3,10,2816,0,0.0,33.58902359008789,0,2.0701167583465576,1561.0732421875
offline-run-20260710_023408-rdwf94g3,15,4096,0,0.0,31.119354248046875,0,1.457405686378479,1579.820556640625
offline-run-20260710_023408-rdwf94g3,19,5120,0.0625,0.0625,28.07198715209961,0,1.7415809631347656,1602.7786865234375
offline-run-20260710_023408-rdwf94g3,24,6400,0.05882352963089943,0.12132352963089943,30.726943969726562,0,1.6382155418395996,1585.61669921875
offline-run-20260710_023408-rdwf94g3,28,7424,0.0625,0.18382352963089943,28.26790428161621,0,2.154879570007324,1621.619873046875
offline-run-20260710_023408-rdwf94g3,33,8704,0,0.18382352963089943,35.39729309082031,0,1.799799919128418,1601.372802734375
offline-run-20260710_023408-rdwf94g3,38,9984,0,0.18382352963089943,32.54679489135742,0,1.636141300201416,1577.572509765625
offline-run-20260710_023408-rdwf94g3,43,11264,0,0.18382352963089943,30.887432098388672,0,2.7653536796569824,1612.8375244140625
offline-run-20260710_023408-rdwf94g3,48,12544,0,0.18382352963089943,32.47962188720703,0,1.6810367107391357,1658.98486328125
offline-run-20260710_023408-rdwf94g3,53,13824,0,0.18382352963089943,31.53907012939453,0,1.3775080442428589,1616.7508544921875
offline-run-20260710_023408-rdwf94g3,57,14848,0,0.18382352963089943,34.31394958496094,0,2.0216054916381836,1603.9871826171875
offline-run-20260710_023408-rdwf94g3,62,16128,0,0.18382352963089943,31.204866409301758,0,2.24269437789917,1668.69921875
offline-run-20260710_023408-rdwf94g3,67,17408,0,0.18382352963089943,31.805633544921875,0,1.8353818655014038,1633.762451171875
offline-run-20260710_023408-rdwf94g3,72,18688,0.0555555559694767,0.23937908560037613,24.742328643798828,0,1.4642237424850464,1730.7188720703125
offline-run-20260710_023408-rdwf94g3,77,19968,0,0.23937908560037613,32.861000061035156,0,2.908858299255371,1650.578125
offline-run-20260710_023408-rdwf94g3,82,21248,0,0.23937908560037613,34.47172546386719,0,1.8849817514419556,1670.9256591796875
offline-run-20260710_023408-rdwf94g3,87,22528,0.05263157933950424,0.29201066493988037,28.461624145507812,0,1.6458877325057983,1643.7435302734375
offline-run-20260710_023408-rdwf94g3,91,23552,0,0.29201066493988037,30.92039680480957,0,1.398696780204773,1662.042236328125
offline-run-20260710_023408-rdwf94g3,96,24832,0,0.29201066493988037,32.1544189453125,0,1.905650019645691,1640.892822265625
offline-run-20260710_023408-rdwf94g3,100,25856,0,0.29201066493988037,29.858104705810547,0,2.330719232559204,1662.73876953125
offline-run-20260710_023408-rdwf94g3,105,27136,0,0.29201066493988037,32.26654052734375,0,2.381943702697754,1690.6427001953125
offline-run-20260710_023408-rdwf94g3,109,28160,0,0.29201066493988037,30.10504722595215,0,1.782861351966858,1713.5657958984375
offline-run-20260710_023408-rdwf94g3,113,29184,0,0.29201066493988037,33.913551330566406,0,2.8705453872680664,1667.79150390625
offline-run-20260710_023408-rdwf94g3,118,30464,0,0.29201066493988037,32.513427734375,0,2.089658737182617,1693.9781494140625
offline-run-20260710_105240-b9cishd0,6,1792,0,0.0,30.634750366210938,0.050642792135477066,2.166245937347412,1227.2091064453125
offline-run-20260710_105240-b9cishd0,11,3072,0,0.0,29.680824279785156,0.12683147192001343,2.1169469356536865,1248.8065185546875
offline-run-20260710_105240-b9cishd0,15,4096,0,0.0,31.1451473236084,0.038724385201931,2.8947951793670654,1272.37841796875
offline-run-20260710_105240-b9cishd0,20,5376,0,0.0,25.037097930908203,0.12871958315372467,1.6348925828933716,1297.79052734375
offline-run-20260710_105240-b9cishd0,25,6656,0,0.0,26.019052505493164,0.09921984374523163,2.1186912059783936,1313.2562255859375
offline-run-20260710_105240-b9cishd0,30,7936,0.05263157933950424,0.05263157933950424,23.304264068603516,0.052821386605501175,2.3785598278045654,1308.618408203125
offline-run-20260710_105240-b9cishd0,34,8960,0,0.05263157933950424,24.297014236450195,0.13345323503017426,1.9188059568405151,1250.0325927734375
offline-run-20260710_105240-b9cishd0,39,10240,0,0.05263157933950424,28.343740463256836,0.06312976032495499,2.850090503692627,1255.8582763671875
offline-run-20260710_105240-b9cishd0,43,11264,0,0.05263157933950424,27.633588790893555,0.0774107277393341,2.123039960861206,1229.552490234375
offline-run-20260710_105240-b9cishd0,48,12544,0,0.05263157933950424,28.288297653198242,0.13640326261520386,2.581557273864746,1282.38671875
offline-run-20260710_105240-b9cishd0,52,13568,0,0.05263157933950424,25.83812713623047,0.13205000758171082,2.2534704208374023,1206.6607666015625
offline-run-20260710_105240-b9cishd0,56,14592,0.0625,0.11513157933950424,21.179977416992188,0.11512771248817444,2.569058418273926,1180.62158203125
offline-run-20260710_105240-b9cishd0,61,15872,0,0.11513157933950424,30.359392166137695,0.05263413116335869,1.9575591087341309,1241.0462646484375
offline-run-20260710_105240-b9cishd0,66,17152,0,0.11513157933950424,27.484878540039062,0.08565681427717209,1.7974424362182617,1211.190673828125
offline-run-20260710_105240-b9cishd0,70,18176,0,0.11513157933950424,26.78325843811035,0.09899404644966125,2.7405447959899902,1206.73974609375
offline-run-20260710_105240-b9cishd0,74,19200,0,0.11513157933950424,26.01259994506836,0.1273277997970581,1.9110727310180664,1188.69384765625
offline-run-20260710_105240-b9cishd0,79,20480,0,0.11513157933950424,28.938541412353516,0.05522644892334938,1.982539415359497,1269.123779296875
offline-run-20260710_105240-b9cishd0,84,21760,0.05882352963089943,0.17395510897040367,23.723318099975586,0.12087315320968628,1.271038293838501,1189.772705078125
offline-run-20260710_105240-b9cishd0,89,23040,0,0.17395510897040367,27.121435165405273,0.18449971079826355,1.959741473197937,1163.947509765625
offline-run-20260710_105240-b9cishd0,95,24576,0.08695652335882187,0.26091163232922554,26.909761428833008,0.1748415231704712,1.4368197917938232,1177.982421875
offline-run-20260710_105240-b9cishd0,100,25856,0,0.26091163232922554,29.574054718017578,0.07758066803216934,2.426907777786255,1201.2177734375
offline-run-20260710_105240-b9cishd0,105,27136,0.05263157933950424,0.3135432116687298,24.137657165527344,0.1993359476327896,1.8643730878829956,1152.7215576171875
offline-run-20260710_105240-b9cishd0,110,28416,0,0.3135432116687298,30.846458435058594,0.052889030426740646,1.9677846431732178,1166.78466796875
offline-run-20260710_105240-b9cishd0,115,29696,0,0.3135432116687298,30.15210723876953,0.10759487748146057,1.5031710863113403,1174.247314453125
offline-run-20260710_105240-dp5nqduu,5,1536,0,0.0,32.91465759277344,0,2.1630189418792725,1210.03759765625
offline-run-20260710_105240-dp5nqduu,10,2816,0,0.0,29.722232818603516,0,1.7323048114776611,1187.628173828125
offline-run-20260710_105240-dp5nqduu,14,3840,0,0.0,32.5763053894043,0,1.9610458612442017,1209.1761474609375
offline-run-20260710_105240-dp5nqduu,20,5376,0,0.0,31.416397094726562,0,1.867238998413086,1205.2957763671875
offline-run-20260710_105240-dp5nqduu,25,6656,0.1111111119389534,0.1111111119389534,27.972341537475586,0,1.301673412322998,1228.26318359375
offline-run-20260710_105240-dp5nqduu,30,7936,0,0.1111111119389534,34.00117874145508,0,2.094454526901245,1245.025146484375
offline-run-20260710_105240-dp5nqduu,34,8960,0,0.1111111119389534,31.21596908569336,0,1.9577277898788452,1215.740478515625
offline-run-20260710_105240-dp5nqduu,39,10240,0,0.1111111119389534,31.615018844604492,0,1.8994228839874268,1212.08935546875
offline-run-20260710_105240-dp5nqduu,44,11520,0,0.1111111119389534,32.14615249633789,0,1.5888510942459106,1194.400390625
offline-run-20260710_105240-dp5nqduu,48,12544,0.0625,0.1736111119389534,34.48078536987305,0,2.056485414505005,1175.58154296875
offline-run-20260710_105240-dp5nqduu,53,13824,0,0.1736111119389534,30.81410789489746,0,2.297767400741577,1191.9468994140625
offline-run-20260710_105240-dp5nqduu,58,15104,0.05263157933950424,0.22624269127845764,31.159950256347656,0,1.8194923400878906,1200.69189453125
offline-run-20260710_105240-dp5nqduu,63,16384,0,0.22624269127845764,33.356353759765625,0,1.9366077184677124,1238.3128662109375
offline-run-20260710_105240-dp5nqduu,68,17664,0,0.22624269127845764,31.48541831970215,0,2.481362819671631,1219.5804443359375
offline-run-20260710_105240-dp5nqduu,73,18944,0,0.22624269127845764,31.15315055847168,0,2.08487868309021,1261.083984375
offline-run-20260710_105240-dp5nqduu,78,20224,0,0.22624269127845764,31.347455978393555,0,1.9405776262283325,1196.674072265625
offline-run-20260710_105240-dp5nqduu,83,21504,0,0.22624269127845764,31.17643165588379,0,1.9653198719024658,1203.6136474609375
offline-run-20260710_105240-dp5nqduu,88,22784,0,0.22624269127845764,30.756994247436523,0,1.895347237586975,1252.7474365234375
offline-run-20260710_105240-dp5nqduu,93,24064,0,0.22624269127845764,29.97529411315918,0,1.9076088666915894,1220.9554443359375
offline-run-20260710_105240-dp5nqduu,98,25344,0,0.22624269127845764,35.49766159057617,0,2.224794864654541,1255.50537109375
offline-run-20260710_105240-dp5nqduu,103,26624,0.0555555559694767,0.28179824724793434,33.203590393066406,0,1.2430949211120605,1308.739990234375
offline-run-20260710_105240-dp5nqduu,108,27904,0.0555555559694767,0.33735380321741104,27.004919052124023,0,1.8471300601959229,1300.37255859375
offline-run-20260710_105240-dp5nqduu,112,28928,0,0.33735380321741104,31.292861938476562,0,1.7126133441925049,1311.8880615234375
offline-run-20260710_105240-dp5nqduu,116,29952,0.0625,0.39985380321741104,26.86248207092285,0,1.710003137588501,1291.7501220703125
offline-run-20260710_115421-h86cvznu,5,1536,0,0.0,33.10260009765625,0.10736016184091568,2.147031307220459,1216.032470703125
offline-run-20260710_115421-h86cvznu,10,2816,0,0.0,32.589656829833984,0.10120168328285217,1.9975858926773071,1219.294921875
offline-run-20260710_115421-h86cvznu,14,3840,0.0625,0.0625,27.98744773864746,0.1587708294391632,2.0133750438690186,1209.314697265625
offline-run-20260710_115421-h86cvznu,18,4864,0,0.0625,29.964998245239258,0.1219208613038063,2.013758659362793,1226.87646484375
offline-run-20260710_115421-h86cvznu,24,6400,0,0.0625,31.64795684814453,0.17305856943130493,1.7295302152633667,1219.130126953125
offline-run-20260710_115421-h86cvznu,28,7424,0,0.0625,34.42510223388672,0.07712395489215851,1.9758226871490479,1217.6142578125
offline-run-20260710_115421-h86cvznu,33,8704,0,0.0625,32.00050354003906,0.1441105306148529,1.7539955377578735,1245.5833740234375
offline-run-20260710_115421-h86cvznu,38,9984,0,0.0625,32.97787857055664,0.0375639982521534,2.52114200592041,1211.7276611328125
offline-run-20260710_115421-h86cvznu,43,11264,0,0.0625,33.451385498046875,0.04193788394331932,2.187868118286133,1220.126708984375
offline-run-20260710_115421-h86cvznu,48,12544,0,0.0625,32.142478942871094,0.14442263543605804,1.6482598781585693,1247.3040771484375
offline-run-20260710_115421-h86cvznu,53,13824,0,0.0625,31.830631256103516,0.16243283450603485,2.2905819416046143,1223.7508544921875
offline-run-20260710_115421-h86cvznu,58,15104,0,0.0625,34.02370834350586,0.13443386554718018,1.8239319324493408,1224.1876220703125
offline-run-20260710_115421-h86cvznu,63,16384,0,0.0625,32.85110092163086,0.1830684095621109,1.8400212526321411,1209.939697265625
offline-run-20260710_115421-h86cvznu,68,17664,0,0.0625,29.957378387451172,0.09134385734796524,2.27791428565979,1268.9219970703125
offline-run-20260710_115421-h86cvznu,73,18944,0,0.0625,33.798248291015625,0.09900810569524765,1.8107194900512695,1226.778076171875
offline-run-20260710_115421-h86cvznu,78,20224,0,0.0625,33.81172180175781,0.0865582823753357,1.4589037895202637,1247.58984375
offline-run-20260710_115421-h86cvznu,82,21248,0,0.0625,31.368778228759766,0.06041528284549713,2.3842215538024902,1283.525146484375
offline-run-20260710_115421-h86cvznu,87,22528,0,0.0625,32.39064025878906,0.06613840162754059,2.5754072666168213,1226.99169921875
offline-run-20260710_115421-h86cvznu,92,23808,0,0.0625,31.524917602539062,0.09248936176300049,2.3367919921875,1199.8358154296875
offline-run-20260710_115421-h86cvznu,97,25088,0,0.0625,32.78299331665039,0.09128252416849136,2.3350870609283447,1220.5625
offline-run-20260710_115421-h86cvznu,102,26368,0,0.0625,32.71950149536133,0.09063628315925598,2.316291570663452,1212.859130859375
offline-run-20260710_115421-h86cvznu,107,27648,0,0.0625,33.77149200439453,0.06502240151166916,2.4231834411621094,1183.071044921875
offline-run-20260710_115421-h86cvznu,111,28672,0,0.0625,29.978925704956055,0.1590902954339981,2.4800713062286377,1188.3631591796875
offline-run-20260710_115421-h86cvznu,115,29696,0,0.0625,34.4605712890625,0.09595756977796555,2.2360618114471436,1186.989501953125
offline-run-20260710_115421-jrmhzwn4,5,1536,0,0.0,32.627445220947266,0.031524501740932465,2.198951244354248,1187.0628662109375
offline-run-20260710_115421-jrmhzwn4,10,2816,0,0.0,32.77977752685547,0.13547244668006897,1.9144368171691895,1181.426025390625
offline-run-20260710_115421-jrmhzwn4,15,4096,0,0.0,30.99484634399414,0.03849378228187561,2.21319842338562,1200.608642578125
offline-run-20260710_115421-jrmhzwn4,20,5376,0.05882352963089943,0.05882352963089943,27.57672691345215,0.14824740588665009,1.8226158618927002,1204.5927734375
offline-run-20260710_115421-jrmhzwn4,25,6656,0,0.05882352963089943,31.174898147583008,0.08953259140253067,1.908266544342041,1215.5931396484375
offline-run-20260710_115421-jrmhzwn4,30,7936,0,0.05882352963089943,31.35292625427246,0.07282906770706177,2.346322774887085,1257.373291015625
offline-run-20260710_115421-jrmhzwn4,35,9216,0,0.05882352963089943,26.18787384033203,0.22538189589977264,1.891229271888733,1242.57861328125
offline-run-20260710_115421-jrmhzwn4,40,10496,0,0.05882352963089943,28.99336814880371,0.1378207802772522,2.1319425106048584,1264.5311279296875
offline-run-20260710_115421-jrmhzwn4,44,11520,0.0625,0.12132352963089943,26.171894073486328,0.2074136584997177,2.0318446159362793,1258.823974609375
offline-run-20260710_115421-jrmhzwn4,49,12800,0.11764705926179886,0.2389705888926983,7.171215057373047,0.17776082456111908,1.789432168006897,1203.4761962890625
offline-run-20260710_115421-jrmhzwn4,53,13824,0,0.2389705888926983,29.032983779907227,0.07708011567592621,2.0677618980407715,1295.9951171875
offline-run-20260710_115421-jrmhzwn4,57,14848,0,0.2389705888926983,29.401138305664062,0.09684322774410248,1.7489107847213745,1234.6903076171875
offline-run-20260710_115421-jrmhzwn4,62,16128,0,0.2389705888926983,26.368452072143555,0.15434128046035767,1.6740740537643433,1232.90185546875
offline-run-20260710_115421-jrmhzwn4,66,17152,0,0.2389705888926983,28.749258041381836,0.08406301587820053,1.9935638904571533,1280.55908203125
offline-run-20260710_115421-jrmhzwn4,72,18688,0,0.2389705888926983,29.602571487426758,0.08374933153390884,2.0805628299713135,1248.43798828125
offline-run-20260710_115421-jrmhzwn4,77,19968,0.05000000074505806,0.28897058963775635,20.063318252563477,0.10282202810049057,2.1533148288726807,1248.71728515625
offline-run-20260710_115421-jrmhzwn4,82,21248,0,0.28897058963775635,25.999530792236328,0.20709781348705292,1.9818578958511353,1243.3345947265625
offline-run-20260710_115421-jrmhzwn4,88,22784,0,0.28897058963775635,29.17373275756836,0.16681654751300812,1.6270378828048706,1247.4161376953125
offline-run-20260710_115421-jrmhzwn4,93,24064,0,0.28897058963775635,27.68665885925293,0.07137438654899597,2.1933677196502686,1216.7529296875
offline-run-20260710_115421-jrmhzwn4,98,25344,0,0.28897058963775635,29.381296157836914,0.24774672091007233,1.6409685611724854,1255.3182373046875
offline-run-20260710_115421-jrmhzwn4,102,26368,0,0.28897058963775635,26.26715087890625,0.12749333679676056,2.3414852619171143,1282.4461669921875
offline-run-20260710_115421-jrmhzwn4,106,27392,0,0.28897058963775635,24.06804656982422,0.2005809098482132,2.4526312351226807,1242.978515625
offline-run-20260710_115421-jrmhzwn4,111,28672,0,0.28897058963775635,28.161666870117188,0.036560382694005966,2.04042649269104,1252.645751953125
offline-run-20260710_115421-jrmhzwn4,115,29696,0,0.28897058963775635,27.83293914794922,0.16995325684547424,1.735632061958313,1237.2711181640625
offline-run-20260710_115422-ik5bkrg7,5,1536,0,0.0,32.82663345336914,0.10700173676013947,2.151937961578369,1250.012939453125
offline-run-20260710_115422-ik5bkrg7,10,2816,0,0.0,30.848003387451172,0.12328551709651947,2.029327630996704,1162.5289306640625
offline-run-20260710_115422-ik5bkrg7,15,4096,0,0.0,29.17607879638672,0.1178128570318222,1.7627376317977905,1188.702392578125
offline-run-20260710_115422-ik5bkrg7,19,5120,0,0.0,33.19193649291992,0.1187988892197609,1.8058587312698364,1215.6190185546875
offline-run-20260710_115422-ik5bkrg7,24,6400,0,0.0,30.31105613708496,0.15219302475452423,1.8275631666183472,1243.801513671875
offline-run-20260710_115422-ik5bkrg7,28,7424,0,0.0,29.426355361938477,0.030156249180436134,2.209310293197632,1209.075927734375
offline-run-20260710_115422-ik5bkrg7,32,8448,0,0.0,28.641103744506836,0.23105573654174805,1.4498391151428223,1269.8023681640625
offline-run-20260710_115422-ik5bkrg7,38,9984,0,0.0,30.637771606445312,0.11276314407587051,2.1073098182678223,1201.614990234375
offline-run-20260710_115422-ik5bkrg7,42,11008,0.0625,0.0625,27.481172561645508,0.1885470598936081,1.4719035625457764,1267.503173828125
offline-run-20260710_115422-ik5bkrg7,46,12032,0.0625,0.125,20.713804244995117,0.17876741290092468,1.5987263917922974,1233.4613037109375
offline-run-20260710_115422-ik5bkrg7,51,13312,0,0.125,30.2032527923584,0.04726575314998627,2.1904640197753906,1197.0484619140625
offline-run-20260710_115422-ik5bkrg7,55,14336,0,0.125,27.390949249267578,0.19432494044303894,1.5513157844543457,1276.0087890625
offline-run-20260710_115422-ik5bkrg7,60,15616,0,0.125,27.198055267333984,0.10531026124954224,2.3253848552703857,1252.9901123046875
offline-run-20260710_115422-ik5bkrg7,65,16896,0,0.125,27.9527587890625,0.09613048285245895,1.8909986019134521,1239.9630126953125
offline-run-20260710_115422-ik5bkrg7,69,17920,0,0.125,31.983186721801758,0.04249933362007141,1.9667561054229736,1251.5716552734375
offline-run-20260710_115422-ik5bkrg7,75,19456,0,0.125,29.3195858001709,0.10485583543777466,1.9314203262329102,1314.3046875
offline-run-20260710_115422-ik5bkrg7,80,20736,0,0.125,28.457763671875,0.026872452348470688,3.019217014312744,1256.243408203125
offline-run-20260710_115422-ik5bkrg7,85,22016,0.05882352963089943,0.18382352963089943,29.76632308959961,0.16404858231544495,1.8235563039779663,1260.3616943359375
offline-run-20260710_115422-ik5bkrg7,89,23040,0,0.18382352963089943,31.09616470336914,0.13339434564113617,2.327901601791382,1212.06884765625
offline-run-20260710_115422-ik5bkrg7,93,24064,0.0625,0.24632352963089943,18.391752243041992,0.17823386192321777,2.2127344608306885,1260.4324951171875
offline-run-20260710_115422-ik5bkrg7,98,25344,0,0.24632352963089943,28.893613815307617,0.06305695325136185,2.660121440887451,1241.58837890625
offline-run-20260710_115422-ik5bkrg7,102,26368,0,0.24632352963089943,25.67630386352539,0.22425420582294464,1.8656080961227417,1241.0321044921875
offline-run-20260710_115422-ik5bkrg7,107,27648,0,0.24632352963089943,22.52266502380371,0.20730669796466827,2.3774943351745605,1251.46435546875
offline-run-20260710_115422-ik5bkrg7,111,28672,0.0625,0.30882352963089943,29.911352157592773,0.13630875945091248,1.9685370922088623,1218.0224609375
offline-run-20260710_115422-ik5bkrg7,115,29696,0,0.30882352963089943,23.179719924926758,0.1687309890985489,1.530563235282898,1214.5147705078125
offline-run-20260710_123954-26e2tbqr,5,1536,0.0625,0.0625,29.24456024169922,0,2.4312586784362793,1249.27734375
offline-run-20260710_123954-26e2tbqr,10,2816,0,0.0625,31.670974731445312,0,3.0531857013702393,1186.4967041015625
offline-run-20260710_123954-26e2tbqr,14,3840,0.0625,0.125,29.532514572143555,0,3.018584966659546,1173.271728515625
offline-run-20260710_123954-26e2tbqr,18,4864,0,0.125,34.35256576538086,0,2.7876970767974854,1215.1041259765625
offline-run-20260710_123954-26e2tbqr,23,6144,0,0.125,31.01094627380371,0,3.5091552734375,1262.515869140625
offline-run-20260710_123954-26e2tbqr,28,7424,0.0476190485060215,0.1726190485060215,29.641029357910156,0,2.9829859733581543,1188.6219482421875
offline-run-20260710_123954-26e2tbqr,33,8704,0,0.1726190485060215,30.65408706665039,0,3.079349994659424,1218.7659912109375
offline-run-20260710_123954-26e2tbqr,38,9984,0,0.1726190485060215,33.98271942138672,0,2.63480281829834,1196.2593994140625
offline-run-20260710_123954-26e2tbqr,43,11264,0,0.1726190485060215,30.17418098449707,0,2.8999812602996826,1231.5982666015625
offline-run-20260710_123954-26e2tbqr,48,12544,0.0555555559694767,0.2281746044754982,31.966196060180664,0,2.4139747619628906,1212.736572265625
offline-run-20260710_123954-26e2tbqr,52,13568,0,0.2281746044754982,31.122817993164062,0,3.0777666568756104,1233.4599609375
offline-run-20260710_123954-26e2tbqr,57,14848,0,0.2281746044754982,31.82738494873047,0,2.8811163902282715,1181.3253173828125
offline-run-20260710_123954-26e2tbqr,62,16128,0,0.2281746044754982,31.969152450561523,0,3.133545398712158,1166.298095703125
offline-run-20260710_123954-26e2tbqr,67,17408,0,0.2281746044754982,34.14126968383789,0,3.015629768371582,1235.6873779296875
offline-run-20260710_123954-26e2tbqr,71,18432,0,0.2281746044754982,32.674415588378906,0,2.732924461364746,1255.6727294921875
offline-run-20260710_123954-26e2tbqr,76,19712,0,0.2281746044754982,30.93679428100586,0,2.6803503036499023,1258.57373046875
offline-run-20260710_123954-26e2tbqr,80,20736,0,0.2281746044754982,31.762393951416016,0,3.100855827331543,1230.35986328125
offline-run-20260710_123954-26e2tbqr,85,22016,0,0.2281746044754982,32.29610824584961,0,2.9920177459716797,1231.929931640625
offline-run-20260710_123954-26e2tbqr,90,23296,0,0.2281746044754982,31.04928207397461,0,3.2095470428466797,1216.149169921875
offline-run-20260710_123954-26e2tbqr,95,24576,0,0.2281746044754982,31.972793579101562,0,3.6816749572753906,1252.75244140625
offline-run-20260710_123954-26e2tbqr,100,25856,0,0.2281746044754982,31.584762573242188,0,2.9512975215911865,1214.542236328125
offline-run-20260710_123954-26e2tbqr,105,27136,0,0.2281746044754982,31.262704849243164,0,3.0601863861083984,1240.43701171875
offline-run-20260710_123954-26e2tbqr,109,28160,0,0.2281746044754982,31.266399383544922,0,2.5005764961242676,1233.1240234375
offline-run-20260710_123954-26e2tbqr,114,29440,0,0.2281746044754982,30.3070068359375,0,2.8295817375183105,1200.27783203125
offline-run-20260710_123954-26e2tbqr,119,30720,0,0.2281746044754982,31.541488647460938,0,3.1149845123291016,1225.89208984375
offline-run-20260710_123955-i66zej32,5,1536,0.0625,0.0625,29.26298713684082,0.020135238766670227,2.4293999671936035,1199.7296142578125
offline-run-20260710_123955-i66zej32,10,2816,0,0.0625,28.96497344970703,0.0004398052697069943,2.7982780933380127,1202.3634033203125
offline-run-20260710_123955-i66zej32,15,4096,0,0.0625,32.009666442871094,0,3.118779182434082,1232.448486328125
offline-run-20260710_123955-i66zej32,20,5376,0,0.0625,34.7669792175293,0,2.6994688510894775,1254.570556640625
offline-run-20260710_123955-i66zej32,25,6656,0,0.0625,32.48171615600586,0,3.0855417251586914,1208.399169921875
offline-run-20260710_123955-i66zej32,30,7936,0,0.0625,32.94595718383789,0.01588337868452072,2.919121742248535,1256.092529296875
offline-run-20260710_123955-i66zej32,34,8960,0,0.0625,34.211944580078125,0,3.1481845378875732,1246.37060546875
offline-run-20260710_123955-i66zej32,39,10240,0,0.0625,31.662723541259766,0.012322490103542805,2.7406368255615234,1246.4559326171875
offline-run-20260710_123955-i66zej32,44,11520,0,0.0625,30.83851432800293,0.015662221238017082,2.952145576477051,1209.69482421875
offline-run-20260710_123955-i66zej32,49,12800,0,0.0625,33.12580490112305,0.02003812976181507,2.5399258136749268,1204.2877197265625
offline-run-20260710_123955-i66zej32,53,13824,0,0.0625,30.81867218017578,1.4134782233554688e-10,2.956608533859253,1186.8359375
offline-run-20260710_123955-i66zej32,58,15104,0,0.0625,30.979646682739258,0.0005362066440284252,2.7983455657958984,1209.1865234375
offline-run-20260710_123955-i66zej32,62,16128,0,0.0625,30.220481872558594,0.008908294141292572,2.707124710083008,1228.815673828125
offline-run-20260710_123955-i66zej32,67,17408,0,0.0625,31.764698028564453,0.0010105804540216923,3.266277313232422,1367.43017578125
offline-run-20260710_123955-i66zej32,71,18432,0,0.0625,30.966156005859375,0,2.411529779434204,1364.03466796875
offline-run-20260710_123955-i66zej32,76,19712,0,0.0625,30.704254150390625,0.002912710653617978,3.1997954845428467,1376.90869140625
offline-run-20260710_123955-i66zej32,80,20736,0,0.0625,28.700042724609375,0.000113431247882545,2.610868215560913,1338.275390625
offline-run-20260710_123955-i66zej32,85,22016,0,0.0625,28.011775970458984,0,3.219109296798706,1411.5322265625
offline-run-20260710_123955-i66zej32,90,23296,0,0.0625,30.64348602294922,0,3.2032344341278076,1390.560546875
offline-run-20260710_123955-i66zej32,94,24320,0,0.0625,28.12978744506836,0.009999999776482582,3.0788235664367676,1266.0361328125
offline-run-20260710_123955-i66zej32,99,25600,0,0.0625,33.375823974609375,0.03670688346028328,3.163038730621338,1299.89697265625
offline-run-20260710_123955-i66zej32,104,26880,0,0.0625,30.80063819885254,0.00016954730381257832,2.7671172618865967,1316.67822265625
offline-run-20260710_123955-i66zej32,108,27904,0,0.0625,29.59999656677246,0,2.875927209854126,1300.0247802734375
offline-run-20260710_123955-i66zej32,113,29184,0,0.0625,30.688987731933594,0,3.0612406730651855,1303.513427734375
offline-run-20260710_123955-i66zej32,118,30464,0,0.0625,30.15958023071289,0.018338803201913834,2.7469069957733154,1261.17333984375
offline-run-20260710_123956-fjux7yal,5,1536,0.0625,0.0625,24.1884822845459,0.037580057978630066,2.4147119522094727,1171.803466796875
offline-run-20260710_123956-fjux7yal,10,2816,0,0.0625,33.79936981201172,0.02151999995112419,3.0204038619995117,1169.9429931640625
offline-run-20260710_123956-fjux7yal,15,4096,0,0.0625,31.974580764770508,0,3.242176055908203,1223.3114013671875
offline-run-20260710_123956-fjux7yal,19,5120,0,0.0625,32.89019012451172,0.002470452105626464,2.7059922218322754,1177.53466796875
offline-run-20260710_123956-fjux7yal,23,6144,0,0.0625,31.60640525817871,0.002097151707857847,2.7293801307678223,1169.633544921875
offline-run-20260710_123956-fjux7yal,28,7424,0,0.0625,31.747150421142578,0.033462781459093094,2.5952658653259277,1249.7359619140625
offline-run-20260710_123956-fjux7yal,32,8448,0,0.0625,31.326921463012695,7.930242018616696e-10,2.6874566078186035,1243.7227783203125
offline-run-20260710_123956-fjux7yal,37,9728,0.0625,0.125,28.983875274658203,0.0037158182822167873,3.1647236347198486,1178.008544921875
offline-run-20260710_123956-fjux7yal,41,10752,0,0.125,31.528709411621094,0,3.004690170288086,1218.8846435546875
offline-run-20260710_123956-fjux7yal,46,12032,0,0.125,32.17270278930664,0,2.946051836013794,1173.494384765625
offline-run-20260710_123956-fjux7yal,51,13312,0,0.125,31.02794075012207,0.024902675300836563,2.397981882095337,1231.26611328125
offline-run-20260710_123956-fjux7yal,55,14336,0,0.125,29.717430114746094,0.019872864708304405,2.820498466491699,1194.3363037109375
offline-run-20260710_123956-fjux7yal,60,15616,0,0.125,32.31183624267578,0.028706073760986328,2.3089439868927,1204.544189453125
offline-run-20260710_123956-fjux7yal,64,16640,0,0.125,31.83635902404785,0.01466110534965992,2.758087158203125,1258.3787841796875
offline-run-20260710_123956-fjux7yal,68,17664,0,0.125,32.00217819213867,0.044677700847387314,2.8971452713012695,1273.6619873046875
offline-run-20260710_123956-fjux7yal,74,19200,0,0.125,32.364532470703125,0.01485352497547865,2.60492205619812,1236.9761962890625
offline-run-20260710_123956-fjux7yal,78,20224,0.0625,0.1875,29.73666000366211,0.006998925935477018,2.639822483062744,1202.877197265625
offline-run-20260710_123956-fjux7yal,83,21504,0.0555555559694767,0.2430555559694767,31.39568328857422,0.008888889104127884,2.8352737426757812,1242.336669921875
offline-run-20260710_123956-fjux7yal,88,22784,0,0.2430555559694767,30.45046043395996,0.021420618519186974,3.306612014770508,1245.27880859375
offline-run-20260710_123956-fjux7yal,92,23808,0,0.2430555559694767,31.449357986450195,0.01393240224570036,2.5726795196533203,1200.00341796875
offline-run-20260710_123956-fjux7yal,97,25088,0,0.2430555559694767,33.53639221191406,4.4445801904657856e-05,3.242971420288086,1252.5654296875
offline-run-20260710_123956-fjux7yal,101,26112,0,0.2430555559694767,33.056427001953125,0.006399999372661114,2.4143571853637695,1242.7198486328125
offline-run-20260710_123956-fjux7yal,106,27392,0,0.2430555559694767,27.443958282470703,0.022402143105864525,3.0403780937194824,1239.8192138671875
offline-run-20260710_123956-fjux7yal,110,28416,0,0.2430555559694767,28.348617553710938,0.027204474434256554,3.1162185668945312,1183.82080078125
offline-run-20260710_123956-fjux7yal,115,29696,0.0625,0.3055555559694767,31.420652389526367,1.8001772295050955e-10,3.2244272232055664,1239.7408447265625
offline-run-20260710_123956-xh5l8a6r,5,1536,0,0.0,32.82663345336914,0.10700173676013947,2.151937961578369,1250.012939453125
offline-run-20260710_123956-xh5l8a6r,10,2816,0,0.0,30.848003387451172,0.12328551709651947,2.029327630996704,1162.5289306640625
offline-run-20260710_123956-xh5l8a6r,15,4096,0,0.0,29.17607879638672,0.1178128570318222,1.7627376317977905,1188.702392578125
offline-run-20260710_123956-xh5l8a6r,19,5120,0,0.0,33.19193649291992,0.1187988892197609,1.8058587312698364,1215.6190185546875
offline-run-20260710_123956-xh5l8a6r,24,6400,0,0.0,30.31105613708496,0.15219302475452423,1.8275631666183472,1243.801513671875
offline-run-20260710_123956-xh5l8a6r,28,7424,0,0.0,29.426355361938477,0.030156249180436134,2.209310293197632,1209.075927734375
offline-run-20260710_123956-xh5l8a6r,32,8448,0,0.0,28.641103744506836,0.23105573654174805,1.4498391151428223,1269.8023681640625
offline-run-20260710_123956-xh5l8a6r,38,9984,0,0.0,30.637771606445312,0.11276314407587051,2.1073098182678223,1201.614990234375
offline-run-20260710_123956-xh5l8a6r,42,11008,0.0625,0.0625,27.481172561645508,0.1885470598936081,1.4719035625457764,1267.503173828125
offline-run-20260710_123956-xh5l8a6r,46,12032,0.0625,0.125,20.713804244995117,0.17876741290092468,1.5987263917922974,1233.4613037109375
offline-run-20260710_123956-xh5l8a6r,51,13312,0,0.125,30.2032527923584,0.04726575314998627,2.1904640197753906,1197.0484619140625
offline-run-20260710_123956-xh5l8a6r,55,14336,0,0.125,27.390949249267578,0.19432494044303894,1.5513157844543457,1276.0087890625
offline-run-20260710_123956-xh5l8a6r,60,15616,0,0.125,27.198055267333984,0.10531026124954224,2.3253848552703857,1252.9901123046875
offline-run-20260710_123956-xh5l8a6r,65,16896,0,0.125,27.9527587890625,0.09613048285245895,1.8909986019134521,1239.9630126953125
offline-run-20260710_123956-xh5l8a6r,69,17920,0,0.125,31.983186721801758,0.04249933362007141,1.9667561054229736,1251.5716552734375
offline-run-20260710_123956-xh5l8a6r,75,19456,0,0.125,29.3195858001709,0.10485583543777466,1.9314203262329102,1314.3046875
offline-run-20260710_123956-xh5l8a6r,80,20736,0,0.125,28.457763671875,0.026872452348470688,3.019217014312744,1256.243408203125
offline-run-20260710_123956-xh5l8a6r,85,22016,0.05882352963089943,0.18382352963089943,29.76632308959961,0.16404858231544495,1.8235563039779663,1260.3616943359375
offline-run-20260710_123956-xh5l8a6r,89,23040,0,0.18382352963089943,31.09616470336914,0.13339434564113617,2.327901601791382,1212.06884765625
offline-run-20260710_123956-xh5l8a6r,93,24064,0.0625,0.24632352963089943,18.391752243041992,0.17823386192321777,2.2127344608306885,1260.4324951171875
offline-run-20260710_123956-xh5l8a6r,98,25344,0,0.24632352963089943,28.893613815307617,0.06305695325136185,2.660121440887451,1241.58837890625
offline-run-20260710_123956-xh5l8a6r,102,26368,0,0.24632352963089943,25.67630386352539,0.22425420582294464,1.8656080961227417,1241.0321044921875
offline-run-20260710_123956-xh5l8a6r,107,27648,0,0.24632352963089943,22.52266502380371,0.20730669796466827,2.3774943351745605,1251.46435546875
offline-run-20260710_123956-xh5l8a6r,111,28672,0.0625,0.30882352963089943,29.911352157592773,0.13630875945091248,1.9685370922088623,1218.0224609375
offline-run-20260710_123956-xh5l8a6r,115,29696,0,0.30882352963089943,23.179719924926758,0.1687309890985489,1.530563235282898,1214.5147705078125
offline-run-20260710_180340-62xgx73f,5,1536,0,0.0,31.812297821044922,0.05957326665520668,2.158046007156372,1212.843994140625
offline-run-20260710_180340-62xgx73f,10,2816,0,0.0,30.922748565673828,0.20533642172813416,1.761548399925232,1225.201171875
offline-run-20260710_180340-62xgx73f,15,4096,0,0.0,32.46275329589844,0.10549387335777283,2.2359259128570557,1239.6181640625
offline-run-20260710_180340-62xgx73f,20,5376,0,0.0,29.062044143676758,0.08546246588230133,2.469473123550415,1217.466552734375
offline-run-20260710_180340-62xgx73f,25,6656,0,0.0,28.97125244140625,0.12236402928829193,1.9736639261245728,1204.296142578125
offline-run-20260710_180340-62xgx73f,30,7936,0,0.0,28.0455322265625,0.06127968057990074,1.8103841543197632,1223.766357421875
offline-run-20260710_180340-62xgx73f,35,9216,0,0.0,28.33349609375,0.11316026747226715,1.6648715734481812,1179.183349609375
offline-run-20260710_180340-62xgx73f,39,10240,0,0.0,29.619388580322266,0.07279586791992188,1.8096944093704224,1187.0384521484375
offline-run-20260710_180340-62xgx73f,43,11264,0,0.0,28.830978393554688,0.1647264063358307,1.9019577503204346,1206.2835693359375
offline-run-20260710_180340-62xgx73f,48,12544,0,0.0,30.209253311157227,0.1318701058626175,2.7364020347595215,1189.9483642578125
offline-run-20260710_180340-62xgx73f,53,13824,0,0.0,29.57603645324707,0.16562099754810333,1.5199518203735352,1194.9075927734375
offline-run-20260710_180340-62xgx73f,58,15104,0.0555555559694767,0.0555555559694767,26.51229476928711,0.07099468261003494,2.504850149154663,1190.9329833984375
offline-run-20260710_180340-62xgx73f,63,16384,0,0.0555555559694767,29.44151496887207,0.05987056344747543,2.1704087257385254,1167.0660400390625
offline-run-20260710_180340-62xgx73f,68,17664,0,0.0555555559694767,30.582246780395508,0.09090779721736908,2.0102407932281494,1227.4246826171875
offline-run-20260710_180340-62xgx73f,73,18944,0,0.0555555559694767,27.826547622680664,0.1004505529999733,1.8471124172210693,1205.974853515625
offline-run-20260710_180340-62xgx73f,77,19968,0.0625,0.1180555559694767,22.997711181640625,0.13946501910686493,1.775883674621582,1180.739013671875
offline-run-20260710_180340-62xgx73f,82,21248,0,0.1180555559694767,27.280860900878906,0.1442098170518875,1.7334036827087402,1157.4560546875
offline-run-20260710_180340-62xgx73f,87,22528,0,0.1180555559694767,32.02970886230469,0.08817999064922333,1.7718039751052856,1202.8778076171875
offline-run-20260710_180340-62xgx73f,92,23808,0,0.1180555559694767,31.067522048950195,0.09853991121053696,2.5597803592681885,1179.104248046875
offline-run-20260710_180340-62xgx73f,96,24832,0,0.1180555559694767,32.3680305480957,0.05008482187986374,2.3986728191375732,1120.9888916015625
offline-run-20260710_180340-62xgx73f,101,26112,0,0.1180555559694767,29.234107971191406,0.0850679874420166,2.085575819015503,1144.86962890625
offline-run-20260710_180340-62xgx73f,106,27392,0,0.1180555559694767,30.442935943603516,0.13809676468372345,2.0471158027648926,1119.80810546875
offline-run-20260710_180340-62xgx73f,111,28672,0,0.1180555559694767,32.794803619384766,0.08560679852962494,1.7898753881454468,1155.2947998046875
offline-run-20260710_180340-62xgx73f,116,29952,0,0.1180555559694767,30.4580135345459,0.06164604052901268,2.789762496948242,1157.5223388671875
offline-run-20260710_180340-6u8o8nu5,5,1536,0,0.0,33.10260009765625,0.10736016184091568,2.147031307220459,1216.032470703125
offline-run-20260710_180340-6u8o8nu5,10,2816,0,0.0,32.589656829833984,0.10120168328285217,1.9975858926773071,1219.294921875
offline-run-20260710_180340-6u8o8nu5,14,3840,0.0625,0.0625,27.98744773864746,0.1587708294391632,2.0133750438690186,1209.314697265625
offline-run-20260710_180340-6u8o8nu5,18,4864,0,0.0625,29.964998245239258,0.1219208613038063,2.013758659362793,1226.87646484375
offline-run-20260710_180340-6u8o8nu5,24,6400,0,0.0625,31.64795684814453,0.17305856943130493,1.7295302152633667,1219.130126953125
offline-run-20260710_180340-6u8o8nu5,28,7424,0,0.0625,34.42510223388672,0.07712395489215851,1.9758226871490479,1217.6142578125
offline-run-20260710_180340-6u8o8nu5,33,8704,0,0.0625,32.00050354003906,0.1441105306148529,1.7539955377578735,1245.5833740234375
offline-run-20260710_180340-6u8o8nu5,38,9984,0,0.0625,32.97787857055664,0.0375639982521534,2.52114200592041,1211.7276611328125
offline-run-20260710_180340-6u8o8nu5,43,11264,0,0.0625,33.451385498046875,0.04193788394331932,2.187868118286133,1220.126708984375
offline-run-20260710_180340-6u8o8nu5,48,12544,0,0.0625,32.142478942871094,0.14442263543605804,1.6482598781585693,1247.3040771484375
offline-run-20260710_180340-6u8o8nu5,53,13824,0,0.0625,31.830631256103516,0.16243283450603485,2.2905819416046143,1223.7508544921875
offline-run-20260710_180340-6u8o8nu5,58,15104,0,0.0625,34.02370834350586,0.13443386554718018,1.8239319324493408,1224.1876220703125
offline-run-20260710_180340-6u8o8nu5,63,16384,0,0.0625,32.85110092163086,0.1830684095621109,1.8400212526321411,1209.939697265625
offline-run-20260710_180340-6u8o8nu5,68,17664,0,0.0625,29.957378387451172,0.09134385734796524,2.27791428565979,1268.9219970703125
offline-run-20260710_180340-6u8o8nu5,73,18944,0,0.0625,33.798248291015625,0.09900810569524765,1.8107194900512695,1226.778076171875
offline-run-20260710_180340-6u8o8nu5,78,20224,0,0.0625,33.81172180175781,0.0865582823753357,1.4589037895202637,1247.58984375
offline-run-20260710_180340-6u8o8nu5,82,21248,0,0.0625,31.368778228759766,0.06041528284549713,2.3842215538024902,1283.525146484375
offline-run-20260710_180340-6u8o8nu5,87,22528,0,0.0625,32.39064025878906,0.06613840162754059,2.5754072666168213,1226.99169921875
offline-run-20260710_180340-6u8o8nu5,92,23808,0,0.0625,31.524917602539062,0.09248936176300049,2.3367919921875,1199.8358154296875
offline-run-20260710_180340-6u8o8nu5,97,25088,0,0.0625,32.78299331665039,0.09128252416849136,2.3350870609283447,1220.5625
offline-run-20260710_180340-6u8o8nu5,102,26368,0,0.0625,32.71950149536133,0.09063628315925598,2.316291570663452,1212.859130859375
offline-run-20260710_180340-6u8o8nu5,107,27648,0,0.0625,33.77149200439453,0.06502240151166916,2.4231834411621094,1183.071044921875
offline-run-20260710_180340-6u8o8nu5,111,28672,0,0.0625,29.978925704956055,0.1590902954339981,2.4800713062286377,1188.3631591796875
offline-run-20260710_180340-6u8o8nu5,115,29696,0,0.0625,34.4605712890625,0.09595756977796555,2.2360618114471436,1186.989501953125
offline-run-20260710_180340-flqx3wmu,5,1536,0,0.0,32.627445220947266,0.031524501740932465,2.198951244354248,1187.0628662109375
offline-run-20260710_180340-flqx3wmu,10,2816,0,0.0,32.77977752685547,0.13547244668006897,1.9144368171691895,1181.426025390625
offline-run-20260710_180340-flqx3wmu,15,4096,0,0.0,30.99484634399414,0.03849378228187561,2.21319842338562,1200.608642578125
offline-run-20260710_180340-flqx3wmu,20,5376,0.05882352963089943,0.05882352963089943,27.57672691345215,0.14824740588665009,1.8226158618927002,1204.5927734375
offline-run-20260710_180340-flqx3wmu,25,6656,0,0.05882352963089943,31.174898147583008,0.08953259140253067,1.908266544342041,1215.5931396484375
offline-run-20260710_180340-flqx3wmu,30,7936,0,0.05882352963089943,31.35292625427246,0.07282906770706177,2.346322774887085,1257.373291015625
offline-run-20260710_180340-flqx3wmu,35,9216,0,0.05882352963089943,26.18787384033203,0.22538189589977264,1.891229271888733,1242.57861328125
offline-run-20260710_180340-flqx3wmu,40,10496,0,0.05882352963089943,28.99336814880371,0.1378207802772522,2.1319425106048584,1264.5311279296875
offline-run-20260710_180340-flqx3wmu,44,11520,0.0625,0.12132352963089943,26.171894073486328,0.2074136584997177,2.0318446159362793,1258.823974609375
offline-run-20260710_180340-flqx3wmu,49,12800,0.11764705926179886,0.2389705888926983,7.171215057373047,0.17776082456111908,1.789432168006897,1203.4761962890625
offline-run-20260710_180340-flqx3wmu,53,13824,0,0.2389705888926983,29.032983779907227,0.07708011567592621,2.0677618980407715,1295.9951171875
offline-run-20260710_180340-flqx3wmu,57,14848,0,0.2389705888926983,29.401138305664062,0.09684322774410248,1.7489107847213745,1234.6903076171875
offline-run-20260710_180340-flqx3wmu,62,16128,0,0.2389705888926983,26.368452072143555,0.15434128046035767,1.6740740537643433,1232.90185546875
offline-run-20260710_180340-flqx3wmu,66,17152,0,0.2389705888926983,28.749258041381836,0.08406301587820053,1.9935638904571533,1280.55908203125
offline-run-20260710_180340-flqx3wmu,72,18688,0,0.2389705888926983,29.602571487426758,0.08374933153390884,2.0805628299713135,1248.43798828125
offline-run-20260710_180340-flqx3wmu,77,19968,0.05000000074505806,0.28897058963775635,20.063318252563477,0.10282202810049057,2.1533148288726807,1248.71728515625
offline-run-20260710_180340-flqx3wmu,82,21248,0,0.28897058963775635,25.999530792236328,0.20709781348705292,1.9818578958511353,1243.3345947265625
offline-run-20260710_180340-flqx3wmu,88,22784,0,0.28897058963775635,29.17373275756836,0.16681654751300812,1.6270378828048706,1247.4161376953125
offline-run-20260710_180340-flqx3wmu,93,24064,0,0.28897058963775635,27.68665885925293,0.07137438654899597,2.1933677196502686,1216.7529296875
offline-run-20260710_180340-flqx3wmu,98,25344,0,0.28897058963775635,29.381296157836914,0.24774672091007233,1.6409685611724854,1255.3182373046875
offline-run-20260710_180340-flqx3wmu,102,26368,0,0.28897058963775635,26.26715087890625,0.12749333679676056,2.3414852619171143,1282.4461669921875
offline-run-20260710_180340-flqx3wmu,106,27392,0,0.28897058963775635,24.06804656982422,0.2005809098482132,2.4526312351226807,1242.978515625
offline-run-20260710_180340-flqx3wmu,111,28672,0,0.28897058963775635,28.161666870117188,0.036560382694005966,2.04042649269104,1252.645751953125
offline-run-20260710_180340-flqx3wmu,115,29696,0,0.28897058963775635,27.83293914794922,0.16995325684547424,1.735632061958313,1237.2711181640625
offline-run-20260710_182045-l7trztfs,5,1536,0,0.0,33.10260009765625,0.10736016184091568,2.147031307220459,1216.032470703125
offline-run-20260710_182045-l7trztfs,10,2816,0,0.0,32.589656829833984,0.10120168328285217,1.9975858926773071,1219.294921875
offline-run-20260710_182045-l7trztfs,14,3840,0.0625,0.0625,27.98744773864746,0.1587708294391632,2.0133750438690186,1209.314697265625
offline-run-20260710_182045-l7trztfs,18,4864,0,0.0625,29.964998245239258,0.1219208613038063,2.013758659362793,1226.87646484375
offline-run-20260710_182045-l7trztfs,24,6400,0,0.0625,31.64795684814453,0.17305856943130493,1.7295302152633667,1219.130126953125
offline-run-20260710_182045-l7trztfs,28,7424,0,0.0625,34.42510223388672,0.07712395489215851,1.9758226871490479,1217.6142578125
offline-run-20260710_182045-l7trztfs,33,8704,0,0.0625,32.00050354003906,0.1441105306148529,1.7539955377578735,1245.5833740234375
offline-run-20260710_182045-l7trztfs,38,9984,0,0.0625,32.97787857055664,0.0375639982521534,2.52114200592041,1211.7276611328125
offline-run-20260710_182045-l7trztfs,43,11264,0,0.0625,33.451385498046875,0.04193788394331932,2.187868118286133,1220.126708984375
offline-run-20260710_182045-l7trztfs,48,12544,0,0.0625,32.142478942871094,0.14442263543605804,1.6482598781585693,1247.3040771484375
offline-run-20260710_182045-l7trztfs,53,13824,0,0.0625,31.830631256103516,0.16243283450603485,2.2905819416046143,1223.7508544921875
offline-run-20260710_182045-l7trztfs,58,15104,0,0.0625,34.02370834350586,0.13443386554718018,1.8239319324493408,1224.1876220703125
offline-run-20260710_182045-l7trztfs,63,16384,0,0.0625,32.85110092163086,0.1830684095621109,1.8400212526321411,1209.939697265625
offline-run-20260710_182045-l7trztfs,68,17664,0,0.0625,29.957378387451172,0.09134385734796524,2.27791428565979,1268.9219970703125
offline-run-20260710_182045-l7trztfs,73,18944,0,0.0625,33.798248291015625,0.09900810569524765,1.8107194900512695,1226.778076171875
offline-run-20260710_182045-l7trztfs,78,20224,0,0.0625,33.81172180175781,0.0865582823753357,1.4589037895202637,1247.58984375
offline-run-20260710_182045-l7trztfs,82,21248,0,0.0625,31.368778228759766,0.06041528284549713,2.3842215538024902,1283.525146484375
offline-run-20260710_182045-l7trztfs,87,22528,0,0.0625,32.39064025878906,0.06613840162754059,2.5754072666168213,1226.99169921875
offline-run-20260710_182045-l7trztfs,92,23808,0,0.0625,31.524917602539062,0.09248936176300049,2.3367919921875,1199.8358154296875
offline-run-20260710_182045-l7trztfs,97,25088,0,0.0625,32.78299331665039,0.09128252416849136,2.3350870609283447,1220.5625
offline-run-20260710_182045-l7trztfs,102,26368,0,0.0625,32.71950149536133,0.09063628315925598,2.316291570663452,1212.859130859375
offline-run-20260710_182045-l7trztfs,107,27648,0,0.0625,33.77149200439453,0.06502240151166916,2.4231834411621094,1183.071044921875
offline-run-20260710_182045-l7trztfs,111,28672,0,0.0625,29.978925704956055,0.1590902954339981,2.4800713062286377,1188.3631591796875
offline-run-20260710_182045-l7trztfs,115,29696,0,0.0625,34.4605712890625,0.09595756977796555,2.2360618114471436,1186.989501953125
offline-run-20260710_182046-tm1bis95,5,1536,0,0.0,32.627445220947266,0.031524501740932465,2.198951244354248,1187.0628662109375
offline-run-20260710_182046-tm1bis95,10,2816,0,0.0,32.77977752685547,0.13547244668006897,1.9144368171691895,1181.426025390625
offline-run-20260710_182046-tm1bis95,15,4096,0,0.0,30.99484634399414,0.03849378228187561,2.21319842338562,1200.608642578125
offline-run-20260710_182046-tm1bis95,20,5376,0.05882352963089943,0.05882352963089943,27.57672691345215,0.14824740588665009,1.8226158618927002,1204.5927734375
offline-run-20260710_182046-tm1bis95,25,6656,0,0.05882352963089943,31.174898147583008,0.08953259140253067,1.908266544342041,1215.5931396484375
offline-run-20260710_182046-tm1bis95,30,7936,0,0.05882352963089943,31.35292625427246,0.07282906770706177,2.346322774887085,1257.373291015625
offline-run-20260710_182046-tm1bis95,35,9216,0,0.05882352963089943,26.18787384033203,0.22538189589977264,1.891229271888733,1242.57861328125
offline-run-20260710_182046-tm1bis95,40,10496,0,0.05882352963089943,28.99336814880371,0.1378207802772522,2.1319425106048584,1264.5311279296875
offline-run-20260710_182046-tm1bis95,44,11520,0.0625,0.12132352963089943,26.171894073486328,0.2074136584997177,2.0318446159362793,1258.823974609375
offline-run-20260710_182046-tm1bis95,49,12800,0.11764705926179886,0.2389705888926983,7.171215057373047,0.17776082456111908,1.789432168006897,1203.4761962890625
offline-run-20260710_182046-tm1bis95,53,13824,0,0.2389705888926983,29.032983779907227,0.07708011567592621,2.0677618980407715,1295.9951171875
offline-run-20260710_182046-tm1bis95,57,14848,0,0.2389705888926983,29.401138305664062,0.09684322774410248,1.7489107847213745,1234.6903076171875
offline-run-20260710_182046-tm1bis95,62,16128,0,0.2389705888926983,26.368452072143555,0.15434128046035767,1.6740740537643433,1232.90185546875
offline-run-20260710_182046-tm1bis95,66,17152,0,0.2389705888926983,28.749258041381836,0.08406301587820053,1.9935638904571533,1280.55908203125
offline-run-20260710_182046-tm1bis95,72,18688,0,0.2389705888926983,29.602571487426758,0.08374933153390884,2.0805628299713135,1248.43798828125
offline-run-20260710_182046-tm1bis95,77,19968,0.05000000074505806,0.28897058963775635,20.063318252563477,0.10282202810049057,2.1533148288726807,1248.71728515625
offline-run-20260710_182046-tm1bis95,82,21248,0,0.28897058963775635,25.999530792236328,0.20709781348705292,1.9818578958511353,1243.3345947265625
offline-run-20260710_182046-tm1bis95,88,22784,0,0.28897058963775635,29.17373275756836,0.16681654751300812,1.6270378828048706,1247.4161376953125
offline-run-20260710_182046-tm1bis95,93,24064,0,0.28897058963775635,27.68665885925293,0.07137438654899597,2.1933677196502686,1216.7529296875
offline-run-20260710_182046-tm1bis95,98,25344,0,0.28897058963775635,29.381296157836914,0.24774672091007233,1.6409685611724854,1255.3182373046875
offline-run-20260710_182046-tm1bis95,102,26368,0,0.28897058963775635,26.26715087890625,0.12749333679676056,2.3414852619171143,1282.4461669921875
offline-run-20260710_182046-tm1bis95,106,27392,0,0.28897058963775635,24.06804656982422,0.2005809098482132,2.4526312351226807,1242.978515625
offline-run-20260710_182046-tm1bis95,111,28672,0,0.28897058963775635,28.161666870117188,0.036560382694005966,2.04042649269104,1252.645751953125
offline-run-20260710_182046-tm1bis95,115,29696,0,0.28897058963775635,27.83293914794922,0.16995325684547424,1.735632061958313,1237.2711181640625
offline-run-20260710_182046-v4785ypw,5,1536,0,0.0,31.812297821044922,0.05957326665520668,2.158046007156372,1212.843994140625
offline-run-20260710_182046-v4785ypw,10,2816,0,0.0,30.922748565673828,0.20533642172813416,1.761548399925232,1225.201171875
offline-run-20260710_182046-v4785ypw,15,4096,0,0.0,32.46275329589844,0.10549387335777283,2.2359259128570557,1239.6181640625
offline-run-20260710_182046-v4785ypw,20,5376,0,0.0,29.062044143676758,0.08546246588230133,2.469473123550415,1217.466552734375
offline-run-20260710_182046-v4785ypw,25,6656,0,0.0,28.97125244140625,0.12236402928829193,1.9736639261245728,1204.296142578125
offline-run-20260710_182046-v4785ypw,30,7936,0,0.0,28.0455322265625,0.06127968057990074,1.8103841543197632,1223.766357421875
offline-run-20260710_182046-v4785ypw,35,9216,0,0.0,28.33349609375,0.11316026747226715,1.6648715734481812,1179.183349609375
offline-run-20260710_182046-v4785ypw,39,10240,0,0.0,29.619388580322266,0.07279586791992188,1.8096944093704224,1187.0384521484375
offline-run-20260710_182046-v4785ypw,43,11264,0,0.0,28.830978393554688,0.1647264063358307,1.9019577503204346,1206.2835693359375
offline-run-20260710_182046-v4785ypw,48,12544,0,0.0,30.209253311157227,0.1318701058626175,2.7364020347595215,1189.9483642578125
offline-run-20260710_182046-v4785ypw,53,13824,0,0.0,29.57603645324707,0.16562099754810333,1.5199518203735352,1194.9075927734375
offline-run-20260710_182046-v4785ypw,58,15104,0.0555555559694767,0.0555555559694767,26.51229476928711,0.07099468261003494,2.504850149154663,1190.9329833984375
offline-run-20260710_182046-v4785ypw,63,16384,0,0.0555555559694767,29.44151496887207,0.05987056344747543,2.1704087257385254,1167.0660400390625
offline-run-20260710_182046-v4785ypw,68,17664,0,0.0555555559694767,30.582246780395508,0.09090779721736908,2.0102407932281494,1227.4246826171875
offline-run-20260710_182046-v4785ypw,73,18944,0,0.0555555559694767,27.826547622680664,0.1004505529999733,1.8471124172210693,1205.974853515625
offline-run-20260710_182046-v4785ypw,77,19968,0.0625,0.1180555559694767,22.997711181640625,0.13946501910686493,1.775883674621582,1180.739013671875
offline-run-20260710_182046-v4785ypw,82,21248,0,0.1180555559694767,27.280860900878906,0.1442098170518875,1.7334036827087402,1157.4560546875
offline-run-20260710_182046-v4785ypw,87,22528,0,0.1180555559694767,32.02970886230469,0.08817999064922333,1.7718039751052856,1202.8778076171875
offline-run-20260710_182046-v4785ypw,92,23808,0,0.1180555559694767,31.067522048950195,0.09853991121053696,2.5597803592681885,1179.104248046875
offline-run-20260710_182046-v4785ypw,96,24832,0,0.1180555559694767,32.3680305480957,0.05008482187986374,2.3986728191375732,1120.9888916015625
offline-run-20260710_182046-v4785ypw,101,26112,0,0.1180555559694767,29.234107971191406,0.0850679874420166,2.085575819015503,1144.86962890625
offline-run-20260710_182046-v4785ypw,106,27392,0,0.1180555559694767,30.442935943603516,0.13809676468372345,2.0471158027648926,1119.80810546875
offline-run-20260710_182046-v4785ypw,111,28672,0,0.1180555559694767,32.794803619384766,0.08560679852962494,1.7898753881454468,1155.2947998046875
offline-run-20260710_182046-v4785ypw,116,29952,0,0.1180555559694767,30.4580135345459,0.06164604052901268,2.789762496948242,1157.5223388671875
offline-run-20260710_222354-n7ik9n5e,5,1536,0,0.0,32.83049011230469,0.004271624609827995,2.156325578689575,1191.8994140625
offline-run-20260710_222354-n7ik9n5e,10,2816,0,0.0,31.001916885375977,6.9607210620437066e-12,2.5411128997802734,1201.5574951171875
offline-run-20260710_222354-n7ik9n5e,15,4096,0,0.0,32.44511032104492,0.0010350211523473263,1.7119306325912476,1203.0714111328125
offline-run-20260710_222354-n7ik9n5e,19,5120,0,0.0,31.522775650024414,0.0900549665093422,1.941049337387085,1204.3883056640625
offline-run-20260710_222354-n7ik9n5e,24,6400,0,0.0,33.598690032958984,5.353053417200826e-11,1.7570699453353882,1183.31787109375
offline-run-20260710_222354-n7ik9n5e,28,7424,0,0.0,30.55765724182129,0.054741743952035904,1.6573487520217896,1250.196044921875
offline-run-20260710_222354-n7ik9n5e,34,8960,0,0.0,31.97367286682129,0.04534915089607239,1.8898954391479492,1213.08056640625
offline-run-20260710_222354-n7ik9n5e,38,9984,0,0.0,33.177345275878906,0.0559101365506649,1.8130292892456055,1229.2047119140625
offline-run-20260710_222354-n7ik9n5e,44,11520,0,0.0,32.777286529541016,0.06969472765922546,1.6996914148330688,1192.57421875
offline-run-20260710_222354-n7ik9n5e,49,12800,0,0.0,31.291908264160156,1.0659407578827995e-08,2.119067907333374,1208.7188720703125
offline-run-20260710_222354-n7ik9n5e,54,14080,0,0.0,33.56671142578125,0.009796323254704475,2.20365309715271,1237.6380615234375
offline-run-20260710_222354-n7ik9n5e,58,15104,0,0.0,31.64974594116211,1.781548936152788e-10,2.351263999938965,1231.1904296875
offline-run-20260710_222354-n7ik9n5e,62,16128,0,0.0,32.64772033691406,0.027151860296726227,1.9432454109191895,1218.6697998046875
offline-run-20260710_222354-n7ik9n5e,67,17408,0,0.0,30.693838119506836,0.042786262929439545,2.0420029163360596,1235.1324462890625
offline-run-20260710_222354-n7ik9n5e,72,18688,0,0.0,31.441980361938477,0.0042231217958033085,1.815664529800415,1215.5474853515625
offline-run-20260710_222354-n7ik9n5e,77,19968,0,0.0,32.1878776550293,0.005510498303920031,1.7333709001541138,1187.564453125
offline-run-20260710_222354-n7ik9n5e,82,21248,0,0.0,30.430156707763672,0.012601086869835854,2.4962289333343506,1151.932861328125
offline-run-20260710_222354-n7ik9n5e,88,22784,0,0.0,33.16740798950195,0.039772260934114456,1.4876102209091187,1195.990478515625
offline-run-20260710_222354-n7ik9n5e,93,24064,0,0.0,32.03133010864258,0.03131745755672455,1.7228511571884155,1194.3134765625
offline-run-20260710_222354-n7ik9n5e,98,25344,0.05000000074505806,0.05000000074505806,28.30735206604004,0.09307261556386948,1.7004435062408447,1225.2520751953125
offline-run-20260710_222354-n7ik9n5e,103,26624,0.05882352963089943,0.10882353037595749,29.815420150756836,0.05882352218031883,2.2709946632385254,1166.319091796875
offline-run-20260710_222354-n7ik9n5e,108,27904,0,0.10882353037595749,29.87519645690918,0.04062989354133606,1.7750897407531738,1204.941650390625
offline-run-20260710_222354-n7ik9n5e,113,29184,0,0.10882353037595749,34.17353057861328,2.5597540580235556e-12,1.4651368856430054,1221.9549560546875
offline-run-20260710_222354-n7ik9n5e,118,30464,0,0.10882353037595749,33.87053298950195,0,2.8155031204223633,1217.2728271484375
offline-run-20260710_222355-lzmyewza,5,1536,0,0.0,32.811492919921875,0.032780591398477554,2.2112252712249756,1186.8526611328125
offline-run-20260710_222355-lzmyewza,10,2816,0,0.0,30.392024993896484,0.028255457058548927,1.9538315534591675,1232.92822265625
offline-run-20260710_222355-lzmyewza,14,3840,0,0.0,31.91128158569336,0.044287003576755524,2.133322238922119,1210.35498046875
offline-run-20260710_222355-lzmyewza,19,5120,0,0.0,31.388492584228516,0.06169799342751503,1.7873622179031372,1237.02490234375
offline-run-20260710_222355-lzmyewza,24,6400,0,0.0,34.689361572265625,0.03961387276649475,2.249152898788452,1210.123046875
offline-run-20260710_222355-lzmyewza,29,7680,0,0.0,34.27756881713867,0.0849376916885376,1.5310124158859253,1244.295166015625
offline-run-20260710_222355-lzmyewza,34,8960,0,0.0,34.020687103271484,0.03661086782813072,2.0139763355255127,1252.0467529296875
offline-run-20260710_222355-lzmyewza,39,10240,0,0.0,31.41204071044922,0.04069877788424492,2.261389970779419,1294.634521484375
offline-run-20260710_222355-lzmyewza,44,11520,0,0.0,29.905881881713867,0.059307098388671875,1.9742999076843262,1246.12841796875
offline-run-20260710_222355-lzmyewza,48,12544,0,0.0,32.77391052246094,0.05564204975962639,2.4651784896850586,1255.63818359375
offline-run-20260710_222355-lzmyewza,53,13824,0,0.0,31.992509841918945,0.04133463650941849,2.0099568367004395,1177.1536865234375
offline-run-20260710_222355-lzmyewza,58,15104,0,0.0,33.52509307861328,0.0648561418056488,1.5356425046920776,1155.1593017578125
offline-run-20260710_222355-lzmyewza,64,16640,0.05882352963089943,0.05882352963089943,32.713504791259766,0.030321061611175537,1.9740569591522217,1175.0693359375
offline-run-20260710_222355-lzmyewza,69,17920,0,0.05882352963089943,33.62983322143555,0.01882341504096985,2.433483839035034,1190.473388671875
offline-run-20260710_222355-lzmyewza,73,18944,0,0.05882352963089943,34.46776580810547,0.04374076798558235,2.176312208175659,1211.265625
offline-run-20260710_222355-lzmyewza,77,19968,0,0.05882352963089943,30.193126678466797,0.03224851191043854,2.7174415588378906,1231.6326904296875
offline-run-20260710_222355-lzmyewza,82,21248,0,0.05882352963089943,33.86116409301758,0.059163667261600494,1.5494498014450073,1210.90087890625
offline-run-20260710_222355-lzmyewza,86,22272,0,0.05882352963089943,32.44830322265625,0.10265389829874039,2.0131022930145264,1205.1595458984375
offline-run-20260710_222355-lzmyewza,91,23552,0,0.05882352963089943,31.026742935180664,0.038373447954654694,2.8705153465270996,1187.752685546875
offline-run-20260710_222355-lzmyewza,96,24832,0,0.05882352963089943,31.051069259643555,0.049407389014959335,1.9861595630645752,1207.5279541015625
offline-run-20260710_222355-lzmyewza,101,26112,0,0.05882352963089943,33.37958526611328,0.061114076524972916,2.4946048259735107,1196.3863525390625
offline-run-20260710_222355-lzmyewza,106,27392,0,0.05882352963089943,32.26976013183594,0.03480713441967964,1.6006097793579102,1282.6878662109375
offline-run-20260710_222355-lzmyewza,110,28416,0,0.05882352963089943,31.712390899658203,0.026599327102303505,2.2213239669799805,1189.5941162109375
offline-run-20260710_222355-lzmyewza,115,29696,0,0.05882352963089943,31.289894104003906,0.03438374400138855,2.1245338916778564,1228.8338623046875
offline-run-20260710_233119-5jxk5ctb,5,1536,0,0.0,32.811492919921875,0.032780591398477554,2.2112252712249756,1186.8526611328125
offline-run-20260710_233119-5jxk5ctb,10,2816,0,0.0,30.392024993896484,0.028255457058548927,1.9538315534591675,1232.92822265625
offline-run-20260710_233119-5jxk5ctb,14,3840,0,0.0,31.91128158569336,0.044287003576755524,2.133322238922119,1210.35498046875
offline-run-20260710_233119-5jxk5ctb,19,5120,0,0.0,31.388492584228516,0.06169799342751503,1.7873622179031372,1237.02490234375
offline-run-20260710_233119-5jxk5ctb,24,6400,0,0.0,34.689361572265625,0.03961387276649475,2.249152898788452,1210.123046875
offline-run-20260710_233119-5jxk5ctb,29,7680,0,0.0,34.27756881713867,0.0849376916885376,1.5310124158859253,1244.295166015625
offline-run-20260710_233119-5jxk5ctb,34,8960,0,0.0,34.020687103271484,0.03661086782813072,2.0139763355255127,1252.0467529296875
offline-run-20260710_233119-5jxk5ctb,39,10240,0,0.0,31.41204071044922,0.04069877788424492,2.261389970779419,1294.634521484375
offline-run-20260710_233119-5jxk5ctb,44,11520,0,0.0,29.905881881713867,0.059307098388671875,1.9742999076843262,1246.12841796875
offline-run-20260710_233119-5jxk5ctb,48,12544,0,0.0,32.77391052246094,0.05564204975962639,2.4651784896850586,1255.63818359375
offline-run-20260710_233119-5jxk5ctb,53,13824,0,0.0,31.992509841918945,0.04133463650941849,2.0099568367004395,1177.1536865234375
offline-run-20260710_233119-5jxk5ctb,58,15104,0,0.0,33.52509307861328,0.0648561418056488,1.5356425046920776,1155.1593017578125
offline-run-20260710_233119-5jxk5ctb,64,16640,0.05882352963089943,0.05882352963089943,32.713504791259766,0.030321061611175537,1.9740569591522217,1175.0693359375
offline-run-20260710_233119-5jxk5ctb,69,17920,0,0.05882352963089943,33.62983322143555,0.01882341504096985,2.433483839035034,1190.473388671875
offline-run-20260710_233119-5jxk5ctb,73,18944,0,0.05882352963089943,34.46776580810547,0.04374076798558235,2.176312208175659,1211.265625
offline-run-20260710_233119-5jxk5ctb,77,19968,0,0.05882352963089943,30.193126678466797,0.03224851191043854,2.7174415588378906,1231.6326904296875
offline-run-20260710_233119-5jxk5ctb,82,21248,0,0.05882352963089943,33.86116409301758,0.059163667261600494,1.5494498014450073,1210.90087890625
offline-run-20260710_233119-5jxk5ctb,86,22272,0,0.05882352963089943,32.44830322265625,0.10265389829874039,2.0131022930145264,1205.1595458984375
offline-run-20260710_233119-5jxk5ctb,91,23552,0,0.05882352963089943,31.026742935180664,0.038373447954654694,2.8705153465270996,1187.752685546875
offline-run-20260710_233119-5jxk5ctb,96,24832,0,0.05882352963089943,31.051069259643555,0.049407389014959335,1.9861595630645752,1207.5279541015625
offline-run-20260710_233119-5jxk5ctb,101,26112,0,0.05882352963089943,33.37958526611328,0.061114076524972916,2.4946048259735107,1196.3863525390625
offline-run-20260710_233119-5jxk5ctb,106,27392,0,0.05882352963089943,32.26976013183594,0.03480713441967964,1.6006097793579102,1282.6878662109375
offline-run-20260710_233119-5jxk5ctb,110,28416,0,0.05882352963089943,31.712390899658203,0.026599327102303505,2.2213239669799805,1189.5941162109375
offline-run-20260710_233119-5jxk5ctb,115,29696,0,0.05882352963089943,31.289894104003906,0.03438374400138855,2.1245338916778564,1228.8338623046875
offline-run-20260711_021604-cn6c81tv,5,1536,0,0.0,32.91465759277344,0,2.1630189418792725,1210.03759765625
offline-run-20260711_021604-cn6c81tv,10,2816,0,0.0,29.722232818603516,0,1.7323048114776611,1187.628173828125
offline-run-20260711_021604-cn6c81tv,14,3840,0,0.0,32.5763053894043,0,1.9610458612442017,1209.1761474609375
offline-run-20260711_021604-cn6c81tv,20,5376,0,0.0,31.416397094726562,0,1.867238998413086,1205.2957763671875
offline-run-20260711_021604-cn6c81tv,25,6656,0.1111111119389534,0.1111111119389534,27.972341537475586,0,1.301673412322998,1228.26318359375
offline-run-20260711_021604-cn6c81tv,30,7936,0,0.1111111119389534,34.00117874145508,0,2.094454526901245,1245.025146484375
offline-run-20260711_021604-cn6c81tv,34,8960,0,0.1111111119389534,31.21596908569336,0,1.9577277898788452,1215.740478515625
offline-run-20260711_021604-cn6c81tv,39,10240,0,0.1111111119389534,31.615018844604492,0,1.8994228839874268,1212.08935546875
offline-run-20260711_021604-cn6c81tv,44,11520,0,0.1111111119389534,32.14615249633789,0,1.5888510942459106,1194.400390625
offline-run-20260711_021604-cn6c81tv,48,12544,0.0625,0.1736111119389534,34.48078536987305,0,2.056485414505005,1175.58154296875
offline-run-20260711_021604-cn6c81tv,53,13824,0,0.1736111119389534,30.81410789489746,0,2.297767400741577,1191.9468994140625
offline-run-20260711_021604-cn6c81tv,58,15104,0.05263157933950424,0.22624269127845764,31.159950256347656,0,1.8194923400878906,1200.69189453125
offline-run-20260711_021604-cn6c81tv,63,16384,0,0.22624269127845764,33.356353759765625,0,1.9366077184677124,1238.3128662109375
offline-run-20260711_021604-cn6c81tv,68,17664,0,0.22624269127845764,31.48541831970215,0,2.481362819671631,1219.5804443359375
offline-run-20260711_021604-cn6c81tv,73,18944,0,0.22624269127845764,31.15315055847168,0,2.08487868309021,1261.083984375
offline-run-20260711_021604-cn6c81tv,78,20224,0,0.22624269127845764,31.347455978393555,0,1.9405776262283325,1196.674072265625
offline-run-20260711_021604-cn6c81tv,83,21504,0,0.22624269127845764,31.17643165588379,0,1.9653198719024658,1203.6136474609375
offline-run-20260711_021604-cn6c81tv,88,22784,0,0.22624269127845764,30.756994247436523,0,1.895347237586975,1252.7474365234375
offline-run-20260711_021604-cn6c81tv,93,24064,0,0.22624269127845764,29.97529411315918,0,1.9076088666915894,1220.9554443359375
offline-run-20260711_021604-cn6c81tv,98,25344,0,0.22624269127845764,35.49766159057617,0,2.224794864654541,1255.50537109375
offline-run-20260711_021604-cn6c81tv,103,26624,0.0555555559694767,0.28179824724793434,33.203590393066406,0,1.2430949211120605,1308.739990234375
offline-run-20260711_021604-cn6c81tv,108,27904,0.0555555559694767,0.33735380321741104,27.004919052124023,0,1.8471300601959229,1300.37255859375
offline-run-20260711_021604-cn6c81tv,112,28928,0,0.33735380321741104,31.292861938476562,0,1.7126133441925049,1311.8880615234375
offline-run-20260711_021604-cn6c81tv,116,29952,0.0625,0.39985380321741104,26.86248207092285,0,1.710003137588501,1291.7501220703125
offline-run-20260711_022952-dmivg97n,5,1536,0,0.0,33.10260009765625,0.10736016184091568,2.147031307220459,1216.032470703125
offline-run-20260711_022952-dmivg97n,10,2816,0,0.0,32.589656829833984,0.10120168328285217,1.9975858926773071,1219.294921875
offline-run-20260711_022952-dmivg97n,14,3840,0.0625,0.0625,27.98744773864746,0.1587708294391632,2.0133750438690186,1209.314697265625
offline-run-20260711_022952-dmivg97n,18,4864,0,0.0625,29.964998245239258,0.1219208613038063,2.013758659362793,1226.87646484375
offline-run-20260711_022952-dmivg97n,24,6400,0,0.0625,31.64795684814453,0.17305856943130493,1.7295302152633667,1219.130126953125
offline-run-20260711_022952-dmivg97n,28,7424,0,0.0625,34.42510223388672,0.07712395489215851,1.9758226871490479,1217.6142578125
offline-run-20260711_022952-dmivg97n,33,8704,0,0.0625,32.00050354003906,0.1441105306148529,1.7539955377578735,1245.5833740234375
offline-run-20260711_022952-dmivg97n,38,9984,0,0.0625,32.97787857055664,0.0375639982521534,2.52114200592041,1211.7276611328125
offline-run-20260711_022952-dmivg97n,43,11264,0,0.0625,33.451385498046875,0.04193788394331932,2.187868118286133,1220.126708984375
offline-run-20260711_022952-dmivg97n,48,12544,0,0.0625,32.142478942871094,0.14442263543605804,1.6482598781585693,1247.3040771484375
offline-run-20260711_022952-dmivg97n,53,13824,0,0.0625,31.830631256103516,0.16243283450603485,2.2905819416046143,1223.7508544921875
offline-run-20260711_030004-5i05r7ww,5,1536,0,0.0,33.10260009765625,0.10736016184091568,2.147031307220459,1216.032470703125
offline-run-20260711_030004-5i05r7ww,10,2816,0,0.0,32.589656829833984,0.10120168328285217,1.9975858926773071,1219.294921875
offline-run-20260711_030004-5i05r7ww,14,3840,0.0625,0.0625,27.98744773864746,0.1587708294391632,2.0133750438690186,1209.314697265625
offline-run-20260711_030004-5i05r7ww,18,4864,0,0.0625,29.964998245239258,0.1219208613038063,2.013758659362793,1226.87646484375
offline-run-20260711_032319-n13t651p,5,1536,0,0.0,33.10260009765625,0.10736016184091568,2.147031307220459,1216.032470703125
offline-run-20260711_032319-n13t651p,10,2816,0,0.0,32.589656829833984,0.10120168328285217,1.9975858926773071,1219.294921875
offline-run-20260711_032319-n13t651p,14,3840,0.0625,0.0625,27.98744773864746,0.1587708294391632,2.0133750438690186,1209.314697265625
offline-run-20260711_032319-n13t651p,18,4864,0,0.0625,29.964998245239258,0.1219208613038063,2.013758659362793,1226.87646484375
offline-run-20260711_032319-n13t651p,24,6400,0,0.0625,31.64795684814453,0.17305856943130493,1.7295302152633667,1219.130126953125
offline-run-20260711_032319-n13t651p,28,7424,0,0.0625,34.42510223388672,0.07712395489215851,1.9758226871490479,1217.6142578125
offline-run-20260711_032319-n13t651p,33,8704,0,0.0625,32.00050354003906,0.1441105306148529,1.7539955377578735,1245.5833740234375
offline-run-20260711_032319-n13t651p,38,9984,0,0.0625,32.97787857055664,0.0375639982521534,2.52114200592041,1211.7276611328125
offline-run-20260711_032319-n13t651p,43,11264,0,0.0625,33.451385498046875,0.04193788394331932,2.187868118286133,1220.126708984375
offline-run-20260711_032319-n13t651p,48,12544,0,0.0625,32.142478942871094,0.14442263543605804,1.6482598781585693,1247.3040771484375
offline-run-20260711_032319-n13t651p,53,13824,0,0.0625,31.830631256103516,0.16243283450603485,2.2905819416046143,1223.7508544921875
offline-run-20260711_032319-n13t651p,58,15104,0,0.0625,34.02370834350586,0.13443386554718018,1.8239319324493408,1224.1876220703125
offline-run-20260711_032319-n13t651p,63,16384,0,0.0625,32.85110092163086,0.1830684095621109,1.8400212526321411,1209.939697265625
offline-run-20260711_032319-n13t651p,68,17664,0,0.0625,29.957378387451172,0.09134385734796524,2.27791428565979,1268.9219970703125
offline-run-20260711_042341-3ajaw4vh,5,1536,0,0.0,33.10260009765625,0.10736016184091568,2.147031307220459,1216.032470703125
offline-run-20260711_042341-3ajaw4vh,10,2816,0,0.0,32.589656829833984,0.10120168328285217,1.9975858926773071,1219.294921875
offline-run-20260711_042341-3ajaw4vh,14,3840,0.0625,0.0625,27.98744773864746,0.1587708294391632,2.0133750438690186,1209.314697265625
offline-run-20260711_042341-3ajaw4vh,18,4864,0,0.0625,29.964998245239258,0.1219208613038063,2.013758659362793,1226.87646484375
offline-run-20260711_042341-3ajaw4vh,24,6400,0,0.0625,31.64795684814453,0.17305856943130493,1.7295302152633667,1219.130126953125
offline-run-20260711_042341-3ajaw4vh,28,7424,0,0.0625,34.42510223388672,0.07712395489215851,1.9758226871490479,1217.6142578125
offline-run-20260711_045451-mnk7ijwu,5,1536,0,0.0,32.61060333251953,0.015091212466359138,2.1871325969696045,1226.7852783203125
offline-run-20260711_045451-mnk7ijwu,10,2816,0,0.0,32.908409118652344,0.0015185694210231304,1.5576057434082031,1177.7230224609375
offline-run-20260711_045451-mnk7ijwu,15,4096,0,0.0,31.785886764526367,0.0528876818716526,1.6651597023010254,1220.114501953125
offline-run-20260711_045451-mnk7ijwu,18,4864,0,0.0,30.999435424804688,0.09447642415761948,1.7793506383895874,1233.245849609375
offline-run-20260711_045451-mnk7ijwu,23,6144,0,0.0,31.476938247680664,0.07200203090906143,2.509843587875366,1226.0369873046875
offline-run-20260711_045451-mnk7ijwu,27,7168,0.0625,0.0625,27.64693260192871,0.04858189448714256,1.3962717056274414,1241.280029296875
offline-run-20260711_045451-mnk7ijwu,32,8448,0,0.0625,31.682140350341797,3.8057573759076035e-10,2.415020227432251,1201.6434326171875
offline-run-20260711_094733-ck77bi9a,5,1536,0,0.0,32.91465759277344,0,2.1630189418792725,1210.03759765625
offline-run-20260711_094733-ck77bi9a,10,2816,0,0.0,29.722232818603516,0,1.7323048114776611,1187.628173828125
offline-run-20260711_094733-ck77bi9a,14,3840,0,0.0,32.5763053894043,0,1.9610458612442017,1209.1761474609375
offline-run-20260711_094733-ck77bi9a,20,5376,0,0.0,31.416397094726562,0,1.867238998413086,1205.2957763671875
offline-run-20260711_094733-ck77bi9a,25,6656,0.1111111119389534,0.1111111119389534,27.972341537475586,0,1.301673412322998,1228.26318359375
offline-run-20260711_094733-ck77bi9a,30,7936,0,0.1111111119389534,34.00117874145508,0,2.094454526901245,1245.025146484375
offline-run-20260711_094733-ck77bi9a,34,8960,0,0.1111111119389534,31.21596908569336,0,1.9577277898788452,1215.740478515625
offline-run-20260711_094733-ck77bi9a,39,10240,0,0.1111111119389534,31.615018844604492,0,1.8994228839874268,1212.08935546875
offline-run-20260711_094733-ck77bi9a,44,11520,0,0.1111111119389534,32.14615249633789,0,1.5888510942459106,1194.400390625
offline-run-20260711_094733-ck77bi9a,48,12544,0.0625,0.1736111119389534,34.48078536987305,0,2.056485414505005,1175.58154296875
offline-run-20260711_094733-ck77bi9a,53,13824,0,0.1736111119389534,30.81410789489746,0,2.297767400741577,1191.9468994140625
offline-run-20260711_094733-ck77bi9a,58,15104,0.05263157933950424,0.22624269127845764,31.159950256347656,0,1.8194923400878906,1200.69189453125
offline-run-20260711_094733-ck77bi9a,63,16384,0,0.22624269127845764,33.356353759765625,0,1.9366077184677124,1238.3128662109375
offline-run-20260711_094733-ck77bi9a,68,17664,0,0.22624269127845764,31.48541831970215,0,2.481362819671631,1219.5804443359375
offline-run-20260711_094733-ck77bi9a,73,18944,0,0.22624269127845764,31.15315055847168,0,2.08487868309021,1261.083984375
offline-run-20260711_094733-ck77bi9a,78,20224,0,0.22624269127845764,31.347455978393555,0,1.9405776262283325,1196.674072265625
offline-run-20260711_094733-ck77bi9a,83,21504,0,0.22624269127845764,31.17643165588379,0,1.9653198719024658,1203.6136474609375
offline-run-20260711_094733-ck77bi9a,88,22784,0,0.22624269127845764,30.756994247436523,0,1.895347237586975,1252.7474365234375
offline-run-20260711_094733-ck77bi9a,93,24064,0,0.22624269127845764,29.97529411315918,0,1.9076088666915894,1220.9554443359375
offline-run-20260711_094733-ck77bi9a,98,25344,0,0.22624269127845764,35.49766159057617,0,2.224794864654541,1255.50537109375
offline-run-20260711_094733-ck77bi9a,103,26624,0.0555555559694767,0.28179824724793434,33.203590393066406,0,1.2430949211120605,1308.739990234375
offline-run-20260711_094733-ck77bi9a,108,27904,0.0555555559694767,0.33735380321741104,27.004919052124023,0,1.8471300601959229,1300.37255859375
offline-run-20260711_094733-ck77bi9a,112,28928,0,0.33735380321741104,31.292861938476562,0,1.7126133441925049,1311.8880615234375
offline-run-20260711_094733-ck77bi9a,116,29952,0.0625,0.39985380321741104,26.86248207092285,0,1.710003137588501,1291.7501220703125
offline-run-20260711_100118-wi1frqy3,5,1536,0,0.0,33.10260009765625,0.10736016184091568,2.147031307220459,1216.032470703125
offline-run-20260711_100118-wi1frqy3,10,2816,0,0.0,32.589656829833984,0.10120168328285217,1.9975858926773071,1219.294921875
offline-run-20260711_100118-wi1frqy3,14,3840,0.0625,0.0625,27.98744773864746,0.1587708294391632,2.0133750438690186,1209.314697265625
offline-run-20260711_100118-wi1frqy3,18,4864,0,0.0625,29.964998245239258,0.1219208613038063,2.013758659362793,1226.87646484375
offline-run-20260711_100118-wi1frqy3,24,6400,0,0.0625,31.64795684814453,0.17305856943130493,1.7295302152633667,1219.130126953125
offline-run-20260711_100118-wi1frqy3,28,7424,0,0.0625,34.42510223388672,0.07712395489215851,1.9758226871490479,1217.6142578125
offline-run-20260711_100118-wi1frqy3,33,8704,0,0.0625,32.00050354003906,0.1441105306148529,1.7539955377578735,1245.5833740234375
offline-run-20260711_100118-wi1frqy3,38,9984,0,0.0625,32.97787857055664,0.0375639982521534,2.52114200592041,1211.7276611328125
offline-run-20260711_100118-wi1frqy3,43,11264,0,0.0625,33.451385498046875,0.04193788394331932,2.187868118286133,1220.126708984375
offline-run-20260711_104822-0hsw6qx5,5,1536,0,0.0,32.693031311035156,0.02813096158206463,2.166170597076416,1213.11572265625
offline-run-20260711_104822-0hsw6qx5,10,2816,0,0.0,33.310760498046875,0.10448390245437622,1.6314870119094849,1202.0728759765625
offline-run-20260711_104822-0hsw6qx5,14,3840,0,0.0,31.155988693237305,0.019122881814837456,1.8544895648956299,1154.497802734375
offline-run-20260711_104822-0hsw6qx5,19,5120,0,0.0,32.44815444946289,0.059613436460494995,2.2744486331939697,1213.2406005859375
offline-run-20260711_104822-0hsw6qx5,23,6144,0,0.0,31.88541603088379,0.06245982646942139,1.6209057569503784,1203.4293212890625
offline-run-20260711_104822-0hsw6qx5,28,7424,0,0.0,29.50765609741211,0.01850021630525589,1.8746871948242188,1184.99462890625
offline-run-20260711_104822-0hsw6qx5,33,8704,0,0.0,32.809349060058594,0.061683766543865204,1.454398274421692,1219.9381103515625
offline-run-20260711_104822-0hsw6qx5,37,9728,0,0.0,31.44733428955078,0.10464747250080109,2.712541103363037,1198.7828369140625
offline-run-20260711_104822-0hsw6qx5,42,11008,0,0.0,33.254398345947266,0.0629274919629097,1.8174163103103638,1170.474609375
offline-run-20260711_104822-0hsw6qx5,46,12032,0,0.0,31.464672088623047,0.07223790884017944,2.294133424758911,1188.66015625
offline-run-20260711_104822-0hsw6qx5,51,13312,0,0.0,30.45531463623047,0.040186408907175064,2.443686008453369,1152.791748046875
offline-run-20260711_104822-0hsw6qx5,55,14336,0,0.0,32.14932632446289,0.049927037209272385,1.7573381662368774,1151.844482421875
offline-run-20260711_104822-0hsw6qx5,60,15616,0,0.0,31.528766632080078,0.045968957245349884,2.042525053024292,1137.8323974609375
offline-run-20260711_104822-0hsw6qx5,65,16896,0,0.0,29.357349395751953,0.053286418318748474,2.515436887741089,1147.8480224609375
offline-run-20260711_104822-0hsw6qx5,69,17920,0,0.0,30.284000396728516,0.04568637162446976,2.2030296325683594,1168.700927734375
offline-run-20260711_104822-0hsw6qx5,74,19200,0,0.0,33.954620361328125,0.03594042360782623,2.405416488647461,1147.58544921875
offline-run-20260711_104822-0hsw6qx5,78,20224,0,0.0,30.668474197387695,0.07368269562721252,1.6233670711517334,1162.022216796875
offline-run-20260711_104822-0hsw6qx5,82,21248,0,0.0,29.033748626708984,0.061816971749067307,1.8168792724609375,1172.3743896484375
offline-run-20260711_104822-0hsw6qx5,87,22528,0,0.0,33.96831512451172,0.016096334904432297,2.1193554401397705,1160.654541015625
offline-run-20260711_104822-0hsw6qx5,92,23808,0.0555555559694767,0.0555555559694767,27.981904983520508,0.09287102520465851,2.1362781524658203,1151.953369140625
offline-run-20260711_104822-0hsw6qx5,97,25088,0,0.0555555559694767,31.018753051757812,0.052684687077999115,2.670717239379883,1167.0313720703125
offline-run-20260711_104822-0hsw6qx5,102,26368,0,0.0555555559694767,32.086509704589844,0.03773815184831619,2.2904114723205566,1183.0279541015625
offline-run-20260711_104822-0hsw6qx5,107,27648,0,0.0555555559694767,28.817039489746094,0.15355198085308075,2.266608715057373,1120.72998046875
offline-run-20260711_104822-0hsw6qx5,112,28928,0,0.0555555559694767,33.011619567871094,0.010498562827706337,2.898130416870117,1135.22216796875
offline-run-20260711_104822-0hsw6qx5,116,29952,0,0.0555555559694767,30.843238830566406,0.051516126841306686,1.5664896965026855,1177.684814453125
offline-run-20260711_114249-6l4d49gc,5,1536,0,0.0,32.888240814208984,0.005208752118051052,2.158231735229492,1211.194091796875
offline-run-20260711_114249-6l4d49gc,10,2816,0.0625,0.0625,31.257102966308594,0.11547166854143143,1.7410342693328857,1199.73681640625
offline-run-20260711_114249-6l4d49gc,15,4096,0,0.0625,31.779788970947266,0.018516071140766144,1.8822051286697388,1224.7313232421875
offline-run-20260711_114249-6l4d49gc,20,5376,0,0.0625,31.51852035522461,0.10565154999494553,1.716469407081604,1207.01318359375
offline-run-20260711_114249-6l4d49gc,25,6656,0,0.0625,32.940181732177734,0.08310962468385696,1.8152494430541992,1204.778564453125
offline-run-20260711_114249-6l4d49gc,30,7936,0,0.0625,33.95790100097656,2.1552866436014284e-10,2.4388046264648438,1262.0308837890625
offline-run-20260711_114249-6l4d49gc,35,9216,0,0.0625,30.823801040649414,0.0016630705213174224,1.9007303714752197,1239.449462890625
offline-run-20260711_114249-6l4d49gc,40,10496,0,0.0625,30.64120864868164,0,2.52949595451355,1223.299560546875
offline-run-20260711_114249-6l4d49gc,45,11776,0.0555555559694767,0.1180555559694767,30.92189598083496,0.08306728303432465,1.762673258781433,1233.925048828125
offline-run-20260711_114249-6l4d49gc,50,13056,0,0.1180555559694767,30.80615234375,0.058997683227062225,1.4798214435577393,1251.9404296875
offline-run-20260711_114249-6l4d49gc,54,14080,0,0.1180555559694767,27.812091827392578,0.007624803110957146,2.617158889770508,1266.5576171875
offline-run-20260711_114249-6l4d49gc,59,15360,0,0.1180555559694767,32.17784881591797,0.04137028753757477,1.6814812421798706,1281.541015625
offline-run-20260711_114249-6l4d49gc,63,16384,0,0.1180555559694767,28.381437301635742,0.00013765729090664536,2.1039443016052246,1247.129150390625
offline-run-20260711_114249-6l4d49gc,68,17664,0,0.1180555559694767,30.11545753479004,0,1.9400166273117065,1301.667724609375
offline-run-20260711_114249-6l4d49gc,73,18944,0.10526315867900848,0.22331871464848518,24.079452514648438,0.0526309497654438,1.7767739295959473,1260.479736328125
offline-run-20260711_114249-6l4d49gc,78,20224,0,0.22331871464848518,33.423919677734375,0.07498174905776978,1.9743596315383911,1250.682373046875
offline-run-20260711_114249-6l4d49gc,83,21504,0,0.22331871464848518,33.235260009765625,1.6793146873084197e-09,2.344878911972046,1276.430908203125
offline-run-20260711_114249-6l4d49gc,88,22784,0,0.22331871464848518,29.84757423400879,0.05363322049379349,1.879289150238037,1243.728515625
offline-run-20260711_114249-6l4d49gc,93,24064,0,0.22331871464848518,31.567846298217773,0.005629495717585087,2.244123935699463,1277.772705078125
offline-run-20260711_114249-6l4d49gc,98,25344,0,0.22331871464848518,29.988187789916992,4.0605595275078343e-11,3.2321553230285645,1270.960693359375
offline-run-20260711_114249-6l4d49gc,103,26624,0,0.22331871464848518,33.11909866333008,0,2.876185178756714,1264.658935546875
offline-run-20260711_114249-6l4d49gc,107,27648,0,0.22331871464848518,32.53430938720703,0.038556650280952454,2.13421630859375,1354.4342041015625
offline-run-20260711_114249-6l4d49gc,112,28928,0.05000000074505806,0.27331871539354324,25.61917495727539,0.04954648017883301,2.3120923042297363,1497.1683349609375
offline-run-20260711_114249-6l4d49gc,117,30208,0,0.27331871539354324,31.798654556274414,0.007974348962306976,1.8150423765182495,1491.1903076171875
offline-run-20260711_123909-jpod2ylp,5,1536,0,0.0,32.505523681640625,0.04540867358446121,2.1925806999206543,1215.322021484375
offline-run-20260711_123909-jpod2ylp,10,2816,0,0.0,32.25706100463867,0.07030408829450607,2.076328992843628,1218.2646484375
offline-run-20260711_123909-jpod2ylp,15,4096,0,0.0,29.768747329711914,0.12120705842971802,2.3283274173736572,1214.9373779296875
offline-run-20260711_123909-jpod2ylp,20,5376,0,0.0,30.483579635620117,0.08206972479820251,1.5418288707733154,1213.9888916015625
offline-run-20260711_123909-jpod2ylp,25,6656,0.04545454680919647,0.04545454680919647,23.80803680419922,0.12701813876628876,1.8634352684020996,1197.720703125
offline-run-20260711_123909-jpod2ylp,30,7936,0,0.04545454680919647,34.58907699584961,0.061075832694768906,2.197814702987671,1240.3814697265625
offline-run-20260711_123909-jpod2ylp,35,9216,0,0.04545454680919647,33.72975158691406,0.06199517101049423,2.1216211318969727,1220.263916015625
offline-run-20260711_123909-jpod2ylp,40,10496,0,0.04545454680919647,31.611995697021484,0.014063811860978603,2.8232624530792236,1244.44384765625
offline-run-20260711_123909-jpod2ylp,45,11776,0.05263157933950424,0.09808612614870071,33.9720458984375,0.0704851970076561,1.8817622661590576,1295.687255859375
offline-run-20260711_123909-jpod2ylp,50,13056,0.0625,0.16058612614870071,31.178407669067383,0.08148267865180969,1.7853312492370605,1213.92333984375
offline-run-20260711_123909-jpod2ylp,55,14336,0,0.16058612614870071,32.87419891357422,0.06463350355625153,2.4329609870910645,1184.3271484375
offline-run-20260711_123909-jpod2ylp,60,15616,0.05000000074505806,0.21058612689375877,31.162023544311523,0.10482119023799896,1.9079971313476562,1261.00146484375
offline-run-20260711_123909-jpod2ylp,65,16896,0.0555555559694767,0.2661416828632355,29.372371673583984,0.08883951604366302,2.1364431381225586,1204.353271484375
offline-run-20260711_123909-jpod2ylp,70,18176,0,0.2661416828632355,32.94428253173828,0.0872398316860199,2.1360390186309814,1255.884765625
offline-run-20260711_123909-jpod2ylp,75,19456,0,0.2661416828632355,33.23857498168945,0.003757441882044077,2.892033815383911,1181.532958984375
offline-run-20260711_123909-jpod2ylp,79,20480,0,0.2661416828632355,34.07973098754883,0.08610402047634125,1.6636662483215332,1209.5504150390625
offline-run-20260711_123909-jpod2ylp,84,21760,0.05882352963089943,0.3249652124941349,30.281734466552734,0.07759817689657211,2.188824415206909,1207.60400390625
offline-run-20260711_123909-jpod2ylp,89,23040,0,0.3249652124941349,35.00330352783203,0.014622896909713745,2.596179962158203,1172.532958984375
offline-run-20260711_123909-jpod2ylp,94,24320,0,0.3249652124941349,30.1783504486084,0.020789150148630142,2.7045438289642334,1227.861083984375
offline-run-20260711_123909-jpod2ylp,99,25600,0,0.3249652124941349,31.680776596069336,0.19585007429122925,1.9039357900619507,1241.11767578125
offline-run-20260711_123909-jpod2ylp,104,26880,0,0.3249652124941349,33.06214904785156,0.12554433941841125,1.8102103471755981,1211.0831298828125
offline-run-20260711_123909-jpod2ylp,109,28160,0,0.3249652124941349,33.94376754760742,0.06524759531021118,2.4325830936431885,1248.0732421875
offline-run-20260711_123909-jpod2ylp,114,29440,0,0.3249652124941349,28.161195755004883,0.1592739373445511,1.4894615411758423,1258.931396484375
offline-run-20260711_123909-jpod2ylp,118,30464,0.0625,0.3874652124941349,33.24411392211914,0.14963646233081818,1.6759746074676514,1241.271240234375
offline-run-20260711_133223-g0h3ewvl,5,1536,0,0.0,32.351356506347656,0.06795654445886612,2.2046031951904297,1196.7174072265625
offline-run-20260711_133223-g0h3ewvl,10,2816,0,0.0,33.081302642822266,0.1377888023853302,1.7330970764160156,1210.5772705078125
offline-run-20260711_133223-g0h3ewvl,15,4096,0,0.0,32.359840393066406,0.04704933613538742,1.8904006481170654,1222.239990234375
offline-run-20260711_133223-g0h3ewvl,20,5376,0.05263157933950424,0.05263157933950424,27.241817474365234,0.26343297958374023,1.7230556011199951,1190.9832763671875
offline-run-20260711_133223-g0h3ewvl,24,6400,0,0.05263157933950424,29.84611701965332,0.144444540143013,2.168600559234619,1249.929443359375
offline-run-20260711_133223-g0h3ewvl,28,7424,0,0.05263157933950424,30.82064437866211,0.24160602688789368,1.7319941520690918,1231.4029541015625
offline-run-20260711_133223-g0h3ewvl,33,8704,0,0.05263157933950424,33.76594161987305,0.2216801792383194,1.9603383541107178,1316.903076171875
offline-run-20260711_133223-g0h3ewvl,38,9984,0.0555555559694767,0.10818713530898094,33.61631774902344,0.17738284170627594,1.7524759769439697,1303.4417724609375
offline-run-20260711_133223-g0h3ewvl,43,11264,0,0.10818713530898094,29.584867477416992,0.12562896311283112,2.04295015335083,1288.5916748046875
offline-run-20260711_133223-g0h3ewvl,48,12544,0,0.10818713530898094,33.641937255859375,0.19934365153312683,1.5762807130813599,1279.101318359375
offline-run-20260711_133223-g0h3ewvl,52,13568,0,0.10818713530898094,32.36956787109375,0.14114095270633698,1.7008001804351807,1223.603271484375
offline-run-20260711_133223-g0h3ewvl,57,14848,0.05000000074505806,0.158187136054039,32.09796142578125,0.19853360950946808,1.6115436553955078,1247.982177734375
offline-run-20260711_133223-g0h3ewvl,62,16128,0,0.158187136054039,30.007143020629883,0.0941815972328186,2.2056024074554443,1273.322998046875
offline-run-20260711_133223-g0h3ewvl,66,17152,0.05882352963089943,0.21701066568493843,30.332088470458984,0.12632107734680176,2.716093063354492,1250.7879638671875
offline-run-20260711_133223-g0h3ewvl,71,18432,0.0555555559694767,0.27256622165441513,32.61358642578125,0.16479748487472534,2.3152151107788086,1258.698486328125
offline-run-20260711_133223-g0h3ewvl,76,19712,0,0.27256622165441513,30.113075256347656,0.10281459242105484,2.65517520904541,1264.288330078125
offline-run-20260711_133223-g0h3ewvl,81,20992,0,0.27256622165441513,30.986474990844727,0.14455793797969818,2.0610122680664062,1302.10107421875
offline-run-20260711_133223-g0h3ewvl,86,22272,0,0.27256622165441513,32.97801208496094,0.14401860535144806,1.8846933841705322,1263.719482421875
offline-run-20260711_133223-g0h3ewvl,91,23552,0,0.27256622165441513,31.789398193359375,0.1526903510093689,2.401822090148926,1342.5811767578125
offline-run-20260711_133223-g0h3ewvl,96,24832,0,0.27256622165441513,31.541278839111328,0.07962454855442047,1.9352047443389893,1287.1754150390625
offline-run-20260711_133223-g0h3ewvl,101,26112,0,0.27256622165441513,30.555702209472656,0.08083879947662354,2.515704870223999,1234.37890625
offline-run-20260711_133223-g0h3ewvl,106,27392,0,0.27256622165441513,33.79558563232422,0.26743391156196594,1.715203046798706,1306.2764892578125
offline-run-20260711_133223-g0h3ewvl,111,28672,0,0.27256622165441513,31.69916534423828,0.18345074355602264,1.8647892475128174,1316.826416015625
offline-run-20260711_133223-g0h3ewvl,114,29440,0,0.27256622165441513,30.76244354248047,0.12883616983890533,1.821102499961853,1346.830078125
offline-run-20260711_133223-g0h3ewvl,119,30720,0,0.27256622165441513,29.743391036987305,0.1978900134563446,2.313655376434326,1338.7857666015625
offline-run-20260711_165556-y7en5cfg,5,1536,0,0.0,32.59904861450195,0.015339583158493042,2.187185287475586,1225.957275390625
offline-run-20260711_165556-y7en5cfg,10,2816,0,0.0,32.77738952636719,0.00046989324619062245,1.5584949254989624,1274.3094482421875
offline-run-20260711_165556-y7en5cfg,15,4096,0,0.0,31.447586059570312,0.016687873750925064,1.8911010026931763,1182.4490966796875
offline-run-20260711_165556-y7en5cfg,19,5120,0,0.0,30.902734756469727,0.04672868922352791,2.4202940464019775,1235.6629638671875
offline-run-20260711_165556-y7en5cfg,24,6400,0,0.0,33.081390380859375,0.13752491772174835,1.946453332901001,1243.601806640625
offline-run-20260711_165556-y7en5cfg,28,7424,0,0.0,31.17152214050293,0.0001721484150039032,1.8792393207550049,1222.376953125
offline-run-20260711_165556-y7en5cfg,33,8704,0,0.0,31.85308837890625,0.02753092534840107,2.3120667934417725,1237.632568359375
offline-run-20260711_165556-y7en5cfg,39,10240,0,0.0,31.56201171875,0.07164639234542847,2.156301498413086,1170.580078125
offline-run-20260711_165556-y7en5cfg,44,11520,0,0.0,30.921146392822266,0.07255510240793228,2.157945156097412,1191.5380859375
offline-run-20260711_165556-y7en5cfg,49,12800,0,0.0,30.48848533630371,0.0017227421049028635,2.5034947395324707,1185.349609375
offline-run-20260711_165556-y7en5cfg,54,14080,0,0.0,30.204330444335938,0.06278175115585327,2.058112144470215,1189.03662109375
offline-run-20260711_165556-y7en5cfg,59,15360,0,0.0,30.249601364135742,0.11208290606737137,2.208238363265991,1183.4716796875
offline-run-20260711_165556-y7en5cfg,64,16640,0,0.0,32.77878189086914,0.025139758363366127,1.7739498615264893,1173.81591796875
offline-run-20260711_165556-y7en5cfg,69,17920,0,0.0,33.27506637573242,0.046489421278238297,2.174894332885742,1196.6407470703125
offline-run-20260711_165556-y7en5cfg,74,19200,0,0.0,33.411712646484375,0.023898707702755928,2.0116164684295654,1161.780029296875
offline-run-20260711_165556-y7en5cfg,80,20736,0.0476190485060215,0.0476190485060215,32.79595184326172,0.08743127435445786,2.0314478874206543,1178.065185546875
offline-run-20260711_165556-y7en5cfg,85,22016,0,0.0476190485060215,31.62164878845215,0.06082870811223984,1.8834850788116455,1241.141357421875
offline-run-20260711_165556-y7en5cfg,90,23296,0,0.0476190485060215,34.888771057128906,0.08208200335502625,2.039464235305786,1200.877685546875
offline-run-20260711_165556-y7en5cfg,94,24320,0.1111111119389534,0.1587301604449749,30.60667610168457,0.11194711178541183,1.6865618228912354,1169.2747802734375
offline-run-20260711_165556-y7en5cfg,98,25344,0,0.1587301604449749,30.430864334106445,2.3089793899089273e-07,2.646573066711426,1207.5068359375
offline-run-20260711_165556-y7en5cfg,103,26624,0,0.1587301604449749,31.113754272460938,0,2.097318410873413,1146.3072509765625
offline-run-20260711_165556-y7en5cfg,108,27904,0,0.1587301604449749,32.3007698059082,0.03634864464402199,3.1540651321411133,1167.069091796875
offline-run-20260711_165556-y7en5cfg,114,29440,0,0.1587301604449749,34.10258102416992,0.07495219260454178,1.6906318664550781,1285.03466796875
offline-run-20260711_165556-y7en5cfg,119,30720,0,0.1587301604449749,31.172300338745117,8.226920533704885e-11,2.621875762939453,1168.4776611328125
offline-run-20260711_175104-vhwms10h,5,1536,0,0.0,32.882408142089844,0,2.1741302013397217,1256.1036376953125
offline-run-20260711_175104-vhwms10h,10,2816,0,0.0,33.52767562866211,0.06696833670139313,1.5173507928848267,1162.2091064453125
offline-run-20260711_175104-vhwms10h,14,3840,0,0.0,31.294206619262695,0.020630940794944763,1.7085896730422974,1170.232666015625
offline-run-20260711_175104-vhwms10h,18,4864,0,0.0,28.800308227539062,0.004280209541320801,2.7579216957092285,1211.232421875
offline-run-20260711_175104-vhwms10h,23,6144,0,0.0,32.69921112060547,4.1220911232986435e-12,1.9794392585754395,1229.4970703125
offline-run-20260711_175104-vhwms10h,28,7424,0,0.0,31.628698348999023,0.05489838123321533,2.275059223175049,1175.1036376953125
offline-run-20260711_175104-vhwms10h,33,8704,0,0.0,32.41423034667969,0.054583560675382614,1.9060006141662598,1195.045654296875
offline-run-20260711_175104-vhwms10h,37,9728,0,0.0,31.867631912231445,1.0531232552679626e-09,1.938382863998413,1170.358642578125
offline-run-20260711_175104-vhwms10h,42,11008,0,0.0,28.828886032104492,0.04342556372284889,2.171499252319336,1220.66845703125
offline-run-20260711_175104-vhwms10h,46,12032,0,0.0,32.72990798950195,0.0005503695574589074,1.9882527589797974,1224.3623046875
offline-run-20260711_175104-vhwms10h,51,13312,0,0.0,31.554576873779297,0,2.233973264694214,1262.052978515625
offline-run-20260711_175104-vhwms10h,56,14592,0,0.0,31.430072784423828,0.07363539934158325,2.060145616531372,1272.912353515625
offline-run-20260711_175104-vhwms10h,61,15872,0,0.0,31.234277725219727,5.717264439653036e-10,1.7614328861236572,1222.8603515625
offline-run-20260711_175104-vhwms10h,65,16896,0,0.0,31.18402099609375,0.06192133203148842,2.0653421878814697,1206.7371826171875
offline-run-20260711_175104-vhwms10h,70,18176,0.05882352963089943,0.05882352963089943,30.256526947021484,2.468031925673131e-05,1.6180758476257324,1253.571044921875
offline-run-20260711_175104-vhwms10h,76,19712,0.05000000074505806,0.10882353037595749,31.693775177001953,0.05597199127078056,1.7714347839355469,1285.5101318359375
offline-run-20260711_175104-vhwms10h,80,20736,0,0.10882353037595749,28.765869140625,0.0771973505616188,1.4823150634765625,1224.94677734375
offline-run-20260711_175104-vhwms10h,85,22016,0,0.10882353037595749,30.66891098022461,0.00012410392810124904,1.8807109594345093,1296.2587890625
offline-run-20260711_175104-vhwms10h,90,23296,0,0.10882353037595749,31.099822998046875,0.04270036146044731,2.1725099086761475,1270.149169921875
offline-run-20260711_175104-vhwms10h,95,24576,0.0625,0.1713235303759575,22.384851455688477,0.07213594764471054,1.121457815170288,1202.721923828125
offline-run-20260711_175104-vhwms10h,99,25600,0.05882352963089943,0.23014706000685692,32.556617736816406,0.08251066505908966,1.676037073135376,1246.9857177734375
offline-run-20260711_175104-vhwms10h,104,26880,0.05882352963089943,0.28897058963775635,33.159847259521484,0.09600396454334259,1.4319840669631958,1236.87109375
offline-run-20260711_175104-vhwms10h,109,28160,0,0.28897058963775635,31.27916717529297,0.033040162175893784,1.6277529001235962,1249.220947265625
offline-run-20260711_175104-vhwms10h,114,29440,0,0.28897058963775635,32.4333610534668,0,2.3021316528320312,1258.5130615234375
offline-run-20260711_175104-vhwms10h,118,30464,0,0.28897058963775635,34.18596649169922,0,1.890594244003296,1272.8231201171875
offline-run-20260711_183826-tcnn2ht7,5,1536,0,0.0,32.43544387817383,0.04333936423063278,2.1940722465515137,1229.8919677734375
offline-run-20260711_183826-tcnn2ht7,10,2816,0,0.0,31.297718048095703,0.1789986789226532,1.3856364488601685,1234.0440673828125
offline-run-20260711_183826-tcnn2ht7,15,4096,0,0.0,32.62005615234375,0.10117314755916595,1.5129565000534058,1233.921875
offline-run-20260711_183826-tcnn2ht7,19,5120,0,0.0,29.26988983154297,9.831411261984613e-06,2.098647117614746,1193.66943359375
offline-run-20260711_183826-tcnn2ht7,23,6144,0,0.0,31.941513061523438,0.10434750467538834,1.8174866437911987,1238.1358642578125
offline-run-20260711_183826-tcnn2ht7,28,7424,0,0.0,33.70249557495117,0.07827377319335938,1.7967246770858765,1229.4892578125
offline-run-20260711_183826-tcnn2ht7,32,8448,0,0.0,32.75775146484375,0.1982015073299408,1.6624414920806885,1226.519287109375
offline-run-20260711_183826-tcnn2ht7,36,9472,0,0.0,30.95781898498535,0.04076935350894928,2.471329927444458,1203.94970703125
offline-run-20260711_183826-tcnn2ht7,41,10752,0.05882352963089943,0.05882352963089943,31.179500579833984,0.11285750567913055,1.8276124000549316,1244.130615234375
offline-run-20260711_183826-tcnn2ht7,46,12032,0,0.05882352963089943,30.05876922607422,0.00530958641320467,2.0493898391723633,1245.2816162109375
offline-run-20260711_183826-tcnn2ht7,50,13056,0,0.05882352963089943,31.039337158203125,0.04344082996249199,2.074049711227417,1201.1009521484375
offline-run-20260711_183826-tcnn2ht7,55,14336,0,0.05882352963089943,30.29007911682129,0.04253719747066498,1.822072148323059,1217.968017578125
offline-run-20260711_183826-tcnn2ht7,60,15616,0,0.05882352963089943,33.19402313232422,0.1712779849767685,2.5644633769989014,1228.1446533203125
offline-run-20260711_183826-tcnn2ht7,65,16896,0,0.05882352963089943,32.69002914428711,0.03366079553961754,2.4231300354003906,1273.091064453125
offline-run-20260711_183826-tcnn2ht7,70,18176,0,0.05882352963089943,31.039472579956055,0.16795110702514648,1.6286489963531494,1294.903564453125
offline-run-20260711_183826-tcnn2ht7,75,19456,0,0.05882352963089943,32.27165222167969,0.13814108073711395,1.3589444160461426,1231.855712890625
offline-run-20260711_183826-tcnn2ht7,80,20736,0,0.05882352963089943,33.072486877441406,0.10188591480255127,2.0300469398498535,1269.38818359375
offline-run-20260711_183826-tcnn2ht7,85,22016,0,0.05882352963089943,31.221317291259766,0.11474927514791489,1.8518226146697998,1206.394775390625
offline-run-20260711_183826-tcnn2ht7,89,23040,0,0.05882352963089943,31.821014404296875,0.04476526007056236,2.154078483581543,1263.6724853515625
offline-run-20260711_183826-tcnn2ht7,94,24320,0,0.05882352963089943,30.367618560791016,2.467164320063553e-11,2.252143383026123,1243.6580810546875
offline-run-20260711_183826-tcnn2ht7,99,25600,0,0.05882352963089943,30.606130599975586,0.08550553023815155,2.557443141937256,1239.5291748046875
offline-run-20260711_183826-tcnn2ht7,104,26880,0,0.05882352963089943,34.99931716918945,0.09775286912918091,1.839112401008606,1208.5162353515625
offline-run-20260711_183826-tcnn2ht7,109,28160,0,0.05882352963089943,32.76241683959961,0.08388059586286545,2.201953411102295,1225.5196533203125
offline-run-20260711_183826-tcnn2ht7,113,29184,0,0.05882352963089943,32.256656646728516,0.2043394148349762,1.8423542976379395,1244.0135498046875
offline-run-20260711_183826-tcnn2ht7,118,30464,0.0625,0.12132352963089943,32.628761291503906,0.15510529279708862,2.380831718444824,1255.7928466796875
offline-run-20260711_194323-eb8iodt1,5,1536,0,0.0,32.4429931640625,0.06407298147678375,2.1942615509033203,1219.6583251953125
offline-run-20260711_194323-eb8iodt1,9,2560,0,0.0,31.190658569335938,0.14016349613666534,1.4499741792678833,1163.986083984375
offline-run-20260711_194323-eb8iodt1,14,3840,0,0.0,31.484025955200195,0.07660870999097824,2.115424633026123,1195.8128662109375
offline-run-20260711_194323-eb8iodt1,18,4864,0,0.0,34.349578857421875,0.15030163526535034,1.5932666063308716,1208.32568359375
offline-run-20260711_194323-eb8iodt1,23,6144,0,0.0,33.38520050048828,0.13766300678253174,1.8558968305587769,1172.3382568359375
offline-run-20260711_194323-eb8iodt1,27,7168,0,0.0,32.90800094604492,0.2076951265335083,1.395108938217163,1222.829345703125
offline-run-20260711_194323-eb8iodt1,32,8448,0.0625,0.0625,28.886844635009766,0.2186213880777359,1.8081681728363037,1243.1558837890625
offline-run-20260711_194323-eb8iodt1,36,9472,0,0.0625,33.14331817626953,0.12570175528526306,2.4187419414520264,1268.12158203125
offline-run-20260711_194323-eb8iodt1,40,10496,0,0.0625,28.309715270996094,0.3203410506248474,1.4191817045211792,1220.0352783203125
offline-run-20260711_194323-eb8iodt1,44,11520,0,0.0625,29.294160842895508,0.07701430469751358,2.7228775024414062,1233.17041015625
offline-run-20260711_194323-eb8iodt1,49,12800,0,0.0625,29.04961585998535,0.13976764678955078,1.858668327331543,1251.5625
offline-run-20260711_194323-eb8iodt1,54,14080,0,0.0625,31.301923751831055,0.16839376091957092,1.551490306854248,1244.0059814453125
offline-run-20260711_194323-eb8iodt1,58,15104,0,0.0625,33.072509765625,0.14867302775382996,2.2667360305786133,1255.89404296875
offline-run-20260711_194323-eb8iodt1,63,16384,0,0.0625,31.35288429260254,0.06324165314435959,2.7318572998046875,1256.2314453125
offline-run-20260711_194323-eb8iodt1,67,17408,0,0.0625,31.989057540893555,0.06450699269771576,1.9476964473724365,1258.335205078125
offline-run-20260711_194323-eb8iodt1,73,18944,0,0.0625,32.68497085571289,0.16025689244270325,1.8334612846374512,1239.1083984375
offline-run-20260711_194323-eb8iodt1,78,20224,0,0.0625,31.78681182861328,0.059357140213251114,2.2344088554382324,1274.576171875
offline-run-20260711_194323-eb8iodt1,83,21504,0.05882352963089943,0.12132352963089943,29.761274337768555,0.19871428608894348,1.3594619035720825,1253.5081787109375
offline-run-20260711_194323-eb8iodt1,88,22784,0.05000000074505806,0.1713235303759575,25.80161476135254,0.18126782774925232,1.987975835800171,1191.09423828125
offline-run-20260711_194323-eb8iodt1,93,24064,0,0.1713235303759575,32.60108947753906,0.16084298491477966,2.04364275932312,1189.9158935546875
offline-run-20260711_194323-eb8iodt1,98,25344,0.05263157933950424,0.22395510971546173,30.96943473815918,0.11619408428668976,1.8800380229949951,1247.8984375
offline-run-20260711_194323-eb8iodt1,103,26624,0,0.22395510971546173,30.58405876159668,0.11718383431434631,2.535586357116699,1218.66748046875
offline-run-20260711_194323-eb8iodt1,108,27904,0,0.22395510971546173,32.19263458251953,0.15375888347625732,1.8711789846420288,1245.1265869140625
offline-run-20260711_194323-eb8iodt1,113,29184,0,0.22395510971546173,30.22207260131836,0.1801556497812271,1.7189717292785645,1216.700927734375
offline-run-20260711_194323-eb8iodt1,118,30464,0,0.22395510971546173,31.245824813842773,0.18958531320095062,2.0408437252044678,1237.796142578125
offline-run-20260824_185038-nwcufktw,5,1536,0,0.0,32.836605072021484,0.004271185956895351,2.156822681427002,1196.185546875
offline-run-20260824_185038-nwcufktw,10,2816,0,0.0,31.385866165161133,5.567308766774026e-12,2.5697665214538574,1262.560546875
offline-run-20260824_185038-nwcufktw,14,3840,0.0625,0.0625,24.311616897583008,0.054918065667152405,1.3399114608764648,1180.737548828125
offline-run-20260824_185038-nwcufktw,18,4864,0,0.0625,29.84366226196289,0.05950165539979935,1.6844865083694458,1225.1680908203125
offline-run-20260824_185038-nwcufktw,22,5888,0,0.0625,31.597923278808594,0.04727010801434517,1.8462400436401367,1235.297607421875
offline-run-20260824_185038-nwcufktw,27,7168,0,0.0625,31.920743942260742,0.01757013611495495,2.1037075519561768,1240.228759765625
offline-run-20260824_185038-nwcufktw,32,8448,0,0.0625,29.90380859375,0.014490678906440735,1.5972321033477783,1220.5206298828125
offline-run-20260824_185038-wcdkdt6k,5,1536,0,0.0,32.882408142089844,0,2.1741302013397217,1256.1036376953125
offline-run-20260824_185038-wcdkdt6k,10,2816,0,0.0,33.53458023071289,0.11484294384717941,1.513457179069519,1216.0699462890625
offline-run-20260824_185038-wcdkdt6k,14,3840,0,0.0,30.653526306152344,0.012500002980232239,2.5396015644073486,1204.340576171875
offline-run-20260824_185038-wcdkdt6k,19,5120,0,0.0,31.64788055419922,1.3303325108182662e-10,2.5847814083099365,1222.672119140625
offline-run-20260824_185505-kw1i0imd,5,1536,0,0.0,32.882408142089844,0,2.1741302013397217,1256.1036376953125
offline-run-20260824_185505-kw1i0imd,10,2816,0,0.0,33.53458023071289,0.11484294384717941,1.513457179069519,1216.0699462890625
offline-run-20260824_190224-1qc5a8cy,5,1536,0,0.0,32.882408142089844,0,2.1741302013397217,1256.1036376953125
offline-run-20260824_190224-1qc5a8cy,10,2816,0,0.0,33.53458023071289,0.11484294384717941,1.513457179069519,1216.0699462890625
offline-run-20260824_190224-1qc5a8cy,14,3840,0,0.0,30.653526306152344,0.012500002980232239,2.5396015644073486,1204.340576171875
offline-run-20260824_190224-1qc5a8cy,19,5120,0,0.0,31.64788055419922,1.3303325108182662e-10,2.5847814083099365,1222.672119140625
offline-run-20260824_190224-1qc5a8cy,24,6400,0,0.0,32.050811767578125,0,2.1549530029296875,1251.6275634765625
offline-run-20260824_190224-1qc5a8cy,28,7424,0,0.0,28.818790435791016,0,2.4449284076690674,1180.954345703125
offline-run-20260824_190224-1qc5a8cy,33,8704,0,0.0,30.309934616088867,0.07498310506343842,2.5682058334350586,1212.1209716796875
offline-run-20260824_190224-1qc5a8cy,38,9984,0,0.0,31.896921157836914,0.02023931033909321,1.7105921506881714,1208.0294189453125
offline-run-20260824_190224-1qc5a8cy,42,11008,0,0.0,32.29413604736328,0,2.1269781589508057,1251.9071044921875
offline-run-20260824_190224-1qc5a8cy,47,12288,0,0.0,30.28167724609375,0,1.897112250328064,1180.82421875
offline-run-20260824_190224-1qc5a8cy,52,13568,0,0.0,31.210552215576172,0.038557663559913635,1.5543687343597412,1225.6551513671875
offline-run-20260824_190224-1qc5a8cy,58,15104,0,0.0,32.75604248046875,0.06719344109296799,1.5897481441497803,1230.6258544921875
offline-run-20260824_190224-1qc5a8cy,62,16128,0,0.0,32.23682403564453,0.08353286236524582,1.6828265190124512,1261.8709716796875
offline-run-20260824_190224-1qc5a8cy,67,17408,0,0.0,29.922714233398438,1.0978555304436144e-12,2.032646894454956,1251.1263427734375
offline-run-20260824_190224-1qc5a8cy,72,18688,0,0.0,31.498794555664062,0.017372800037264824,2.01346492767334,1253.67041015625
offline-run-20260824_190224-1qc5a8cy,76,19712,0,0.0,31.178112030029297,0.0003518436860758811,1.784346103668213,1188.7332763671875
offline-run-20260824_190224-1qc5a8cy,80,20736,0,0.0,31.355575561523438,0.0117647061124444,2.021190881729126,1299.2890625
offline-run-20260824_190224-1qc5a8cy,86,22272,0.0555555559694767,0.0555555559694767,29.23289680480957,0.055685870349407196,1.8111038208007812,1240.634521484375
offline-run-20260824_190224-1qc5a8cy,91,23552,0,0.0555555559694767,33.44551467895508,0.10384052991867065,2.2396767139434814,1211.150634765625
offline-run-20260824_190224-1qc5a8cy,96,24832,0,0.0555555559694767,30.826766967773438,1.7771903393359878e-10,1.9401965141296387,1311.644287109375
offline-run-20260824_190224-1qc5a8cy,101,26112,0,0.0555555559694767,32.63958740234375,0.011862194165587425,2.2477540969848633,1233.02197265625
offline-run-20260824_190224-1qc5a8cy,106,27392,0,0.0555555559694767,32.83049392700195,0,2.0446784496307373,1267.553466796875
offline-run-20260824_190224-1qc5a8cy,111,28672,0,0.0555555559694767,32.92772674560547,0.05261724069714546,1.7482500076293945,1290.77392578125
offline-run-20260824_190224-1qc5a8cy,117,30208,0,0.0555555559694767,33.752986907958984,3.0626296165792155e-08,2.2264890670776367,1235.3836669921875
offline-run-20260824_195859-gqhx5ky8,5,1536,0,0.0,32.836605072021484,0.004271185956895351,2.156822681427002,1196.185546875
offline-run-20260824_195859-gqhx5ky8,10,2816,0,0.0,31.385866165161133,5.567308766774026e-12,2.5697665214538574,1262.560546875
offline-run-20260824_195859-gqhx5ky8,14,3840,0.0625,0.0625,24.311616897583008,0.054918065667152405,1.3399114608764648,1180.737548828125
offline-run-20260824_195859-gqhx5ky8,18,4864,0,0.0625,29.84366226196289,0.05950165539979935,1.6844865083694458,1225.1680908203125
offline-run-20260824_195859-gqhx5ky8,22,5888,0,0.0625,31.597923278808594,0.04727010801434517,1.8462400436401367,1235.297607421875
offline-run-20260824_195859-gqhx5ky8,27,7168,0,0.0625,31.920743942260742,0.01757013611495495,2.1037075519561768,1240.228759765625
offline-run-20260824_195859-gqhx5ky8,32,8448,0,0.0625,29.90380859375,0.014490678906440735,1.5972321033477783,1220.5206298828125
offline-run-20260824_195859-gqhx5ky8,37,9728,0,0.0625,31.763370513916016,0.04701279103755951,1.6647571325302124,1247.0029296875
offline-run-20260824_195859-gqhx5ky8,42,11008,0,0.0625,31.00190544128418,0.021155945956707,1.9903267621994019,1251.94384765625
offline-run-20260824_195859-gqhx5ky8,47,12288,0,0.0625,31.6362247467041,0.011914102360606194,2.135638475418091,1211.4046630859375
offline-run-20260824_195859-gqhx5ky8,52,13568,0,0.0625,32.8549919128418,0.03533552959561348,2.2616162300109863,1228.1082763671875
offline-run-20260824_195859-gqhx5ky8,57,14848,0.0555555559694767,0.1180555559694767,27.86774444580078,0.1088092029094696,1.377787709236145,1235.1484375
offline-run-20260824_195859-gqhx5ky8,62,16128,0,0.1180555559694767,29.35040283203125,1.6949758263606896e-09,2.7549867630004883,1207.7708740234375
offline-run-20260824_195859-gqhx5ky8,67,17408,0,0.1180555559694767,35.016353607177734,0.0585244819521904,2.409116744995117,1235.390869140625
offline-run-20260824_195859-gqhx5ky8,71,18432,0,0.1180555559694767,33.433738708496094,0.01594660058617592,1.5103609561920166,1216.20458984375
offline-run-20260824_195859-gqhx5ky8,76,19712,0,0.1180555559694767,31.516029357910156,0.021106045693159103,1.775442361831665,1336.9219970703125
offline-run-20260824_195859-gqhx5ky8,81,20992,0,0.1180555559694767,28.227108001708984,2.9055033223812643e-07,1.742513656616211,1282.221923828125
offline-run-20260824_195859-gqhx5ky8,85,22016,0,0.1180555559694767,32.683013916015625,0.000749486091081053,2.4145407676696777,1334.41845703125
offline-run-20260824_195859-gqhx5ky8,90,23296,0,0.1180555559694767,30.77293586730957,0.07914866507053375,1.9644966125488281,1377.3990478515625
offline-run-20260824_195859-gqhx5ky8,95,24576,0,0.1180555559694767,32.9716682434082,0.01613001525402069,1.778723120689392,1358.096435546875
offline-run-20260824_195859-gqhx5ky8,99,25600,0,0.1180555559694767,32.459632873535156,0.03940419480204582,1.4413915872573853,1339.5408935546875
offline-run-20260824_195859-gqhx5ky8,103,26624,0,0.1180555559694767,29.52850341796875,0.05210550129413605,2.5285613536834717,1295.5924072265625
offline-run-20260824_195859-gqhx5ky8,108,27904,0,0.1180555559694767,30.1236515045166,0.01228848285973072,1.9481674432754517,1304.834716796875
offline-run-20260824_195859-gqhx5ky8,113,29184,0,0.1180555559694767,32.277191162109375,0.03579007089138031,2.2973556518554688,1279.77099609375
offline-run-20260824_195859-gqhx5ky8,118,30464,0,0.1180555559694767,32.06474304199219,0.029879629611968994,1.4882721900939941,1298.682373046875
offline-run-20260824_203808-wrq69kjv,5,1536,0,0.0,32.83562088012695,0.05201423913240433,2.156917095184326,1197.6295166015625
offline-run-20260824_203808-wrq69kjv,10,2816,0,0.0,31.494064331054688,4.63168531306124e-11,2.5652098655700684,1242.882568359375
offline-run-20260824_203808-wrq69kjv,15,4096,0.05882352963089943,0.05882352963089943,32.689640045166016,0.11360472440719604,2.0615158081054688,1170.4810791015625
offline-run-20260824_203808-wrq69kjv,19,5120,0,0.05882352963089943,32.002227783203125,1.8049797745334217e-07,1.4362717866897583,1199.72998046875
offline-run-20260824_203808-wrq69kjv,24,6400,0.0625,0.12132352963089943,26.92914390563965,0.0624999925494194,2.191559314727783,1193.704345703125
offline-run-20260824_203808-wrq69kjv,28,7424,0,0.12132352963089943,33.24152374267578,0.05820503085851669,1.714115858078003,1211.8956298828125
offline-run-20260824_203808-wrq69kjv,33,8704,0,0.12132352963089943,31.15528106689453,0.05458292365074158,2.1841440200805664,1214.5509033203125
offline-run-20260824_203808-wrq69kjv,37,9728,0,0.12132352963089943,31.855871200561523,7.929398804229493e-10,2.3104937076568604,1249.0638427734375
offline-run-20260824_203808-wrq69kjv,42,11008,0,0.12132352963089943,30.734724044799805,0.0755203440785408,1.9266427755355835,1240.2183837890625
offline-run-20260824_203808-wrq69kjv,46,12032,0.0625,0.18382352963089943,31.77141571044922,0.1249999850988388,2.005847215652466,1231.5655517578125
offline-run-20260824_203808-wrq69kjv,51,13312,0,0.18382352963089943,33.27674102783203,1.0191834043382642e-09,2.2745602130889893,1295.1685791015625
offline-run-20260824_203808-wrq69kjv,56,14592,0,0.18382352963089943,31.437129974365234,0.12463106215000153,2.8397417068481445,1314.3162841796875
offline-run-20260824_203808-wrq69kjv,60,15616,0,0.18382352963089943,32.09482955932617,0.06074078008532524,2.7683231830596924,1239.3585205078125
offline-run-20260824_203808-wrq69kjv,65,16896,0,0.18382352963089943,32.1606330871582,0.05261022970080376,2.0284276008605957,1219.77294921875
offline-run-20260824_203808-wrq69kjv,70,18176,0,0.18382352963089943,29.59942626953125,0.13882309198379517,1.9046224355697632,1265.4466552734375
offline-run-20260824_203808-wrq69kjv,75,19456,0,0.18382352963089943,31.13265037536621,0.04995051398873329,2.028927803039551,1246.615966796875
offline-run-20260824_203808-wrq69kjv,80,20736,0,0.18382352963089943,28.76632308959961,5.074815567773783e-10,1.8922569751739502,1244.087158203125
offline-run-20260824_203808-wrq69kjv,85,22016,0,0.18382352963089943,32.78565979003906,0.09590703994035721,1.791739583015442,1225.9525146484375
offline-run-20260824_203808-wrq69kjv,90,23296,0,0.18382352963089943,32.196842193603516,0.0555555485188961,1.9324430227279663,1250.1512451171875
offline-run-20260824_203808-wrq69kjv,95,24576,0.04545454680919647,0.2292780764400959,31.248687744140625,0.09090881794691086,2.0562024116516113,1235.50244140625
offline-run-20260824_203808-wrq69kjv,100,25856,0,0.2292780764400959,30.743873596191406,0.11105609685182571,2.4279544353485107,1281.41259765625
offline-run-20260824_203808-wrq69kjv,105,27136,0,0.2292780764400959,30.010482788085938,0.0624999925494194,2.127145290374756,1269.8916015625
offline-run-20260824_203808-wrq69kjv,110,28416,0,0.2292780764400959,33.7550163269043,0.011111111380159855,1.7849445343017578,1309.35791015625
offline-run-20260824_203808-wrq69kjv,115,29696,0,0.2292780764400959,34.953369140625,0.15310488641262054,2.0012142658233643,1303.83203125
offline-run-20260824_203808-wrq69kjv,119,30720,0,0.2292780764400959,32.39807891845703,6.739989122372947e-10,3.121619701385498,1315.663818359375
offline-run-20260824_211713-sjghvmgu,5,1536,0,0.0,32.882408142089844,0,2.1741302013397217,1256.1036376953125
offline-run-20260824_211713-sjghvmgu,10,2816,0,0.0,33.517173767089844,0.1239212229847908,1.51698899269104,1181.704345703125
offline-run-20260824_211713-sjghvmgu,15,4096,0,0.0,32.73988342285156,1.1556857554273492e-10,2.3525261878967285,1217.1988525390625
offline-run-20260824_211713-sjghvmgu,20,5376,0,0.0,33.041229248046875,0.05784457176923752,2.7296154499053955,1158.0247802734375
offline-run-20260824_211713-sjghvmgu,24,6400,0,0.0,29.813335418701172,0.09407373517751694,1.849273443222046,1165.1982421875
offline-run-20260824_211713-sjghvmgu,29,7680,0,0.0,32.220115661621094,1.0563061536572604e-09,2.2262704372406006,1160.148681640625
offline-run-20260824_211713-sjghvmgu,34,8960,0,0.0,33.89665985107422,0,2.3858304023742676,1219.0880126953125
offline-run-20260824_211713-sjghvmgu,39,10240,0,0.0,32.31232833862305,0.05384894832968712,2.2146382331848145,1218.4644775390625
offline-run-20260824_211713-sjghvmgu,43,11264,0,0.0,31.886594772338867,2.5711017759277865e-09,1.9420472383499146,1209.9771728515625
offline-run-20260824_211713-sjghvmgu,48,12544,0,0.0,34.76593017578125,0,2.3853209018707275,1227.2762451171875
offline-run-20260824_211713-sjghvmgu,52,13568,0.0625,0.0625,30.996910095214844,0.0624995082616806,2.0738954544067383,1296.2037353515625
offline-run-20260824_211713-sjghvmgu,57,14848,0,0.0625,30.361299514770508,0.05882352218031883,2.504068374633789,1224.49169921875
offline-run-20260824_211713-sjghvmgu,62,16128,0.0555555559694767,0.1180555559694767,30.97263526916504,0.06613295525312424,1.8392713069915771,1164.27978515625
offline-run-20260824_211713-sjghvmgu,68,17664,0.0476190485060215,0.1656746044754982,33.11380386352539,0.09498748183250427,1.8118547201156616,1223.043701171875
offline-run-20260824_211713-sjghvmgu,72,18688,0,0.1656746044754982,31.391700744628906,0.06164206191897392,2.0734615325927734,1228.3369140625
offline-run-20260824_211713-sjghvmgu,77,19968,0,0.1656746044754982,31.855932235717773,4.359233113371275e-11,1.9920039176940918,1200.5767822265625
offline-run-20260824_211713-sjghvmgu,82,21248,0,0.1656746044754982,31.061323165893555,0.059415869414806366,1.9148964881896973,1205.81005859375
offline-run-20260824_211713-sjghvmgu,86,22272,0,0.1656746044754982,34.204463958740234,0.05741916969418526,1.232527732849121,1183.2445068359375
offline-run-20260824_211713-sjghvmgu,91,23552,0,0.1656746044754982,28.421886444091797,0.022440876811742783,2.271324396133423,1160.7767333984375
offline-run-20260824_211713-sjghvmgu,96,24832,0,0.1656746044754982,32.3834342956543,0.06451655924320221,2.365781784057617,1197.2623291015625
offline-run-20260824_211713-sjghvmgu,101,26112,0,0.1656746044754982,33.89122009277344,0.02111080288887024,2.024813175201416,1204.8033447265625
offline-run-20260824_211713-sjghvmgu,106,27392,0,0.1656746044754982,33.152469635009766,0.02528475411236286,1.916867733001709,1233.741455078125
offline-run-20260824_211713-sjghvmgu,111,28672,0,0.1656746044754982,33.97257995605469,0.06736128032207489,2.038572311401367,1233.712158203125
offline-run-20260824_211713-sjghvmgu,116,29952,0,0.1656746044754982,35.234352111816406,0.06633755564689636,2.375540256500244,1244.4892578125
offline-run-20260824_220706-nmnqbb7i,5,1536,0,0.0,32.58732986450195,0.015216590836644173,2.187455177307129,1221.567626953125
offline-run-20260824_220706-nmnqbb7i,10,2816,0,0.0,33.400760650634766,0.0035037535708397627,1.500562310218811,1214.3359375
offline-run-20260824_220706-nmnqbb7i,15,4096,0,0.0,28.99793243408203,0.1269310861825943,1.7714577913284302,1209.247314453125
offline-run-20260824_220706-nmnqbb7i,19,5120,0,0.0,30.361465454101562,0.0019452887354418635,2.109623670578003,1169.581787109375
offline-run-20260824_220706-nmnqbb7i,24,6400,0.05882352963089943,0.05882352963089943,21.537134170532227,0.13404937088489532,1.7857356071472168,1211.4757080078125
offline-run-20260824_220706-nmnqbb7i,29,7680,0,0.05882352963089943,31.0179386138916,0.11424057185649872,1.8381447792053223,1232.7110595703125
offline-run-20260824_220706-nmnqbb7i,34,8960,0.0476190485060215,0.10644257813692093,25.690523147583008,0.0857531726360321,2.061178207397461,1232.6280517578125
offline-run-20260824_220706-nmnqbb7i,39,10240,0,0.10644257813692093,32.61262512207031,1.5060196574268048e-06,2.199239492416382,1243.740478515625
offline-run-20260824_220706-nmnqbb7i,44,11520,0,0.10644257813692093,32.56975555419922,0.13801206648349762,1.7421667575836182,1244.7203369140625
offline-run-20260824_220706-nmnqbb7i,49,12800,0,0.10644257813692093,30.621337890625,0.11665596067905426,2.1002304553985596,1253.09521484375
offline-run-20260824_220706-nmnqbb7i,54,14080,0,0.10644257813692093,29.905025482177734,0.004645729903131723,3.0139596462249756,1250.34228515625
offline-run-20260824_220706-nmnqbb7i,58,15104,0,0.10644257813692093,29.665590286254883,0,2.700303316116333,1222.2005615234375
offline-run-20260824_220706-nmnqbb7i,63,16384,0,0.10644257813692093,30.559228897094727,0.03646354749798775,1.8723253011703491,1242.060546875
offline-run-20260824_220706-nmnqbb7i,68,17664,0,0.10644257813692093,33.91074752807617,0.00855289027094841,2.447047710418701,1202.2198486328125
offline-run-20260824_220706-nmnqbb7i,72,18688,0,0.10644257813692093,31.977455139160156,0.035703398287296295,1.9294753074645996,1264.513916015625
offline-run-20260824_220706-nmnqbb7i,76,19712,0,0.10644257813692093,31.824914932250977,0.06753844022750854,2.0228424072265625,1220.14404296875
offline-run-20260824_220706-nmnqbb7i,81,20992,0,0.10644257813692093,31.38553237915039,0.0556066669523716,1.5339473485946655,1283.6239013671875
offline-run-20260824_220706-nmnqbb7i,86,22272,0.05263157933950424,0.15907415747642517,30.0610294342041,0.005347456317394972,2.1181018352508545,1210.091796875
offline-run-20260824_220706-nmnqbb7i,91,23552,0.05882352963089943,0.2178976871073246,30.861913681030273,0.13435612618923187,2.2150588035583496,1215.7637939453125
offline-run-20260824_220706-nmnqbb7i,95,24576,0,0.2178976871073246,29.302492141723633,0.07090546935796738,2.3072872161865234,1203.4114990234375
offline-run-20260824_220706-nmnqbb7i,100,25856,0,0.2178976871073246,33.41625213623047,8.497495068704453e-11,2.2986161708831787,1269.1956787109375
offline-run-20260824_220706-nmnqbb7i,104,26880,0,0.2178976871073246,30.01253890991211,0.030719416216015816,2.373279571533203,1217.7913818359375
offline-run-20260824_220706-nmnqbb7i,109,28160,0,0.2178976871073246,31.502954483032227,0.037731681019067764,1.8158769607543945,1210.26416015625
offline-run-20260824_220706-nmnqbb7i,114,29440,0,0.2178976871073246,31.314863204956055,0.005436826962977648,2.7087278366088867,1221.364990234375
offline-run-20260824_220706-nmnqbb7i,119,30720,0,0.2178976871073246,27.2432804107666,0.10411585122346878,1.2626330852508545,1225.28955078125
offline-run-20260824_232424-5zaljnq4,5,1536,0,0.0,32.599708557128906,0.015337229706346989,2.1871135234832764,1224.719482421875
offline-run-20260824_232424-5zaljnq4,10,2816,0,0.0,32.78826141357422,2.4902005457683174e-10,1.5610600709915161,1256.343994140625
offline-run-20260824_232424-5zaljnq4,15,4096,0,0.0,33.10004806518555,0,2.0929441452026367,1214.690673828125
offline-run-20260824_232424-5zaljnq4,19,5120,0,0.0,31.12947654724121,0.11882253736257553,2.3673999309539795,1225.286376953125
offline-run-20260824_232424-5zaljnq4,24,6400,0.0625,0.0625,26.65279197692871,0.0624999925494194,2.5851073265075684,1169.529052734375
offline-run-20260824_232424-5zaljnq4,28,7424,0,0.0625,32.72401428222656,0.05592046678066254,2.6008682250976562,1209.055419921875
offline-run-20260824_232424-5zaljnq4,33,8704,0,0.0625,30.230764389038086,0.08412367105484009,1.9016159772872925,1239.3480224609375
offline-run-20260824_232424-5zaljnq4,37,9728,0,0.0625,32.88045883178711,0.022753166034817696,2.3740837574005127,1227.4110107421875
offline-run-20260824_232424-5zaljnq4,42,11008,0,0.0625,30.794593811035156,0.1000722348690033,2.0325589179992676,1247.099609375
offline-run-20260824_232424-5zaljnq4,47,12288,0,0.0625,30.89047622680664,0.056982848793268204,1.9454150199890137,1265.58203125
offline-run-20260824_232424-5zaljnq4,51,13312,0.125,0.1875,12.873556137084961,0.15421321988105774,2.032862901687622,1255.0714111328125
offline-run-20260824_232424-5zaljnq4,56,14592,0,0.1875,29.590484619140625,0.0851472020149231,1.4160878658294678,1245.49658203125
offline-run-20260824_232424-5zaljnq4,61,15872,0,0.1875,28.881061553955078,0.04394012317061424,2.044860363006592,1225.367431640625
offline-run-20260824_232424-5zaljnq4,66,17152,0,0.1875,32.37051773071289,0.005846478510648012,2.511209487915039,1219.6083984375
offline-run-20260824_232424-5zaljnq4,71,18432,0.05882352963089943,0.24632352963089943,29.026521682739258,0.16399434208869934,2.541400194168091,1222.5562744140625
offline-run-20260824_232424-5zaljnq4,76,19712,0,0.24632352963089943,32.17322540283203,0.08195061981678009,2.003181219100952,1260.2608642578125
offline-run-20260824_232424-5zaljnq4,80,20736,0,0.24632352963089943,36.100284576416016,0.00279072392731905,2.0411813259124756,1250.5616455078125
offline-run-20260824_232424-5zaljnq4,85,22016,0.0625,0.30882352963089943,30.967269897460938,0.07123170047998428,2.1591553688049316,1219.0919189453125
offline-run-20260824_232424-5zaljnq4,90,23296,0,0.30882352963089943,33.072174072265625,0.021356090903282166,1.8540810346603394,1227.286376953125
offline-run-20260824_232424-5zaljnq4,95,24576,0,0.30882352963089943,32.340614318847656,0.056444667279720306,1.9212150573730469,1243.262939453125
offline-run-20260824_232424-5zaljnq4,100,25856,0,0.30882352963089943,31.891191482543945,0.05608714371919632,2.1069631576538086,1222.9498291015625
offline-run-20260824_232424-5zaljnq4,105,27136,0,0.30882352963089943,32.75572967529297,0.037248753011226654,1.692711353302002,1239.138916015625
offline-run-20260824_232424-5zaljnq4,110,28416,0,0.30882352963089943,30.8500919342041,0.10110922902822495,1.640210509300232,1225.1583251953125
offline-run-20260824_232424-5zaljnq4,115,29696,0,0.30882352963089943,31.045812606811523,0.04050646349787712,1.8609269857406616,1248.971435546875
offline-run-20260825_014639-xs2g1d3l,5,1536,0,0.0,30.761016845703125,0,2.818892002105713,1171.1602783203125
offline-run-20260825_014639-xs2g1d3l,10,2816,0,0.0,32.43936538696289,0.0792669877409935,1.803846001625061,1181.5732421875
offline-run-20260825_014639-xs2g1d3l,14,3840,0,0.0,31.114078521728516,0.04436361789703369,2.5427281856536865,1182.2236328125
offline-run-20260825_014639-xs2g1d3l,19,5120,0,0.0,31.48444366455078,0.08241167664527893,1.689825177192688,1224.428955078125
offline-run-20260825_014639-xs2g1d3l,23,6144,0,0.0,31.538368225097656,0.00100394815672189,1.8792037963867188,1187.599853515625
offline-run-20260825_014639-xs2g1d3l,28,7424,0,0.0,29.522064208984375,2.266188403154956e-06,2.5153534412384033,1190.64404296875
offline-run-20260825_014639-xs2g1d3l,32,8448,0,0.0,33.21880340576172,0.04092869535088539,2.5481605529785156,1200.59326171875
offline-run-20260825_014639-xs2g1d3l,36,9472,0.0625,0.0625,31.107959747314453,0.10804812610149384,2.07167911529541,1257.04638671875
offline-run-20260825_014639-xs2g1d3l,41,10752,0,0.0625,31.830537796020508,0.046398140490055084,1.6298586130142212,1250.2908935546875
offline-run-20260825_014639-xs2g1d3l,46,12032,0.05263157933950424,0.11513157933950424,33.57565689086914,0.095878966152668,1.1454116106033325,1223.347412109375
offline-run-20260825_014639-xs2g1d3l,51,13312,0,0.11513157933950424,30.448747634887695,0.11602585017681122,1.7347040176391602,1226.3526611328125
offline-run-20260825_014639-xs2g1d3l,56,14592,0,0.11513157933950424,31.94053840637207,0.014320936985313892,2.145420789718628,1253.108642578125
offline-run-20260825_014639-xs2g1d3l,60,15616,0,0.11513157933950424,31.17915916442871,1.855563272479266e-11,2.5643346309661865,1244.1282958984375
offline-run-20260825_014639-xs2g1d3l,65,16896,0,0.11513157933950424,30.845767974853516,1.716967496998012e-13,2.6686654090881348,1234.8238525390625
offline-run-20260825_014639-xs2g1d3l,70,18176,0.05000000074505806,0.1651315800845623,32.37022018432617,0.16439703106880188,1.6878468990325928,1194.640625
offline-run-20260825_014639-xs2g1d3l,75,19456,0,0.1651315800845623,31.138103485107422,6.716550093877061e-10,2.6862375736236572,1266.5533447265625
offline-run-20260825_014639-xs2g1d3l,80,20736,0,0.1651315800845623,31.022659301757812,0.0777212604880333,1.9296491146087646,1250.432373046875
offline-run-20260825_014639-xs2g1d3l,85,22016,0,0.1651315800845623,30.515846252441406,0.08148117363452911,2.3070566654205322,1247.8331298828125
offline-run-20260825_014639-xs2g1d3l,89,23040,0.0625,0.2276315800845623,25.961763381958008,0.1507544070482254,1.6737730503082275,1255.4202880859375
offline-run-20260825_014639-xs2g1d3l,94,24320,0,0.2276315800845623,33.39219665527344,0.04507814720273018,1.6137375831604004,1253.4931640625
offline-run-20260825_014639-xs2g1d3l,99,25600,0,0.2276315800845623,31.489038467407227,0.025168737396597862,2.4123647212982178,1245.684326171875
offline-run-20260825_014639-xs2g1d3l,104,26880,0,0.2276315800845623,33.357940673828125,0.03368310257792473,1.6575636863708496,1238.9010009765625
offline-run-20260825_014639-xs2g1d3l,109,28160,0,0.2276315800845623,30.4216365814209,0.013028482906520367,1.6688575744628906,1221.70166015625
offline-run-20260825_014639-xs2g1d3l,114,29440,0,0.2276315800845623,32.61475372314453,0.11334168165922165,1.3896392583847046,1231.244384765625
offline-run-20260825_014639-xs2g1d3l,119,30720,0,0.2276315800845623,33.138916015625,0.034499578177928925,1.966008186340332,1269.1695556640625
offline-run-20260825_030429-7c5z25xz,5,1536,0,0.0,30.764833450317383,0,2.819091558456421,1204.1241455078125
offline-run-20260825_030429-7c5z25xz,9,2560,0,0.0,31.552692413330078,0.06247306242585182,1.7102855443954468,1159.084716796875
offline-run-20260825_030429-7c5z25xz,15,4096,0,0.0,31.98302459716797,0.058809369802474976,1.9343551397323608,1196.8792724609375
offline-run-20260825_030429-7c5z25xz,20,5376,0,0.0,31.0096492767334,0.06948034465312958,2.846259355545044,1202.64208984375
offline-run-20260825_030429-7c5z25xz,25,6656,0,0.0,31.488807678222656,0.06053580343723297,2.1851930618286133,1231.884765625
offline-run-20260825_030429-7c5z25xz,30,7936,0,0.0,31.47010040283203,0.014023823663592339,1.8012809753417969,1175.3243408203125
offline-run-20260825_030429-7c5z25xz,34,8960,0,0.0,32.49126434326172,0.02418363466858864,1.8770307302474976,1182.898681640625
offline-run-20260825_030429-7c5z25xz,39,10240,0,0.0,32.399940490722656,0.06215519458055496,1.6191891431808472,1201.5638427734375
offline-run-20260825_030429-7c5z25xz,44,11520,0.05882352963089943,0.05882352963089943,29.064409255981445,0.11764085292816162,1.7373461723327637,1183.231689453125
offline-run-20260825_030429-7c5z25xz,49,12800,0,0.05882352963089943,31.066524505615234,2.61446388094555e-07,1.9361624717712402,1222.4132080078125
offline-run-20260825_030429-7c5z25xz,54,14080,0,0.05882352963089943,30.914634704589844,0.006877532694488764,1.4864606857299805,1231.4398193359375
offline-run-20260825_030429-7c5z25xz,59,15360,0,0.05882352963089943,31.614852905273438,0.046520959585905075,2.1499619483947754,1192.2232666015625
offline-run-20260825_030429-7c5z25xz,64,16640,0,0.05882352963089943,29.600021362304688,0.09999976307153702,1.7211134433746338,1242.160888671875
offline-run-20260825_030429-7c5z25xz,69,17920,0,0.05882352963089943,31.40163230895996,0.011111111380159855,1.9163191318511963,1248.0438232421875
offline-run-20260825_030429-7c5z25xz,74,19200,0,0.05882352963089943,32.2588005065918,3.067444076521042e-10,2.5121872425079346,1188.6077880859375
offline-run-20260825_030429-7c5z25xz,79,20480,0,0.05882352963089943,31.130273818969727,0.09279035776853561,1.846745491027832,1231.924560546875
offline-run-20260825_030429-7c5z25xz,84,21760,0.1666666716337204,0.22549020126461983,29.60709571838379,0.23219946026802063,1.4977126121520996,1249.9874267578125
offline-run-20260825_030429-7c5z25xz,89,23040,0.0625,0.2879902012646198,31.524982452392578,0.09636589884757996,2.2234251499176025,1267.349609375
offline-run-20260825_030429-7c5z25xz,93,24064,0,0.2879902012646198,32.813690185546875,0.07878910005092621,2.5191311836242676,1288.3507080078125
offline-run-20260825_030429-7c5z25xz,98,25344,0,0.2879902012646198,30.52882957458496,0.07502678781747818,2.035515308380127,1260.2967529296875
offline-run-20260825_030429-7c5z25xz,103,26624,0,0.2879902012646198,33.335174560546875,0.03058495558798313,1.6888614892959595,1275.739990234375
offline-run-20260825_030429-7c5z25xz,108,27904,0,0.2879902012646198,31.30572509765625,0.09988506883382797,1.8687365055084229,1259.660888671875
offline-run-20260825_030429-7c5z25xz,112,28928,0,0.2879902012646198,30.398273468017578,0.039715997874736786,1.95883047580719,1253.4986572265625
offline-run-20260825_030429-7c5z25xz,117,30208,0,0.2879902012646198,33.3125,0.08629058301448822,2.178197145462036,1266.2225341796875
offline-run-20260825_040953-ou6lc7af,5,1536,0,0.0,30.515193939208984,0.00018593370623420924,2.3166680335998535,1195.1375732421875
offline-run-20260825_040953-ou6lc7af,10,2816,0,0.0,31.542808532714844,2.741372129300146e-10,2.50724720954895,1200.0517578125
offline-run-20260825_040953-ou6lc7af,14,3840,0,0.0,30.74388885498047,0.05580618232488632,3.349759101867676,1210.737060546875
offline-run-20260825_040953-ou6lc7af,19,5120,0,0.0,33.83328628540039,0.015375979244709015,1.869160771369934,1228.3104248046875
offline-run-20260825_040953-ou6lc7af,24,6400,0,0.0,30.402963638305664,0.07440831512212753,2.0645899772644043,1257.671630859375
offline-run-20260825_040953-ou6lc7af,28,7424,0,0.0,31.140256881713867,0.13219213485717773,1.3691291809082031,1178.135009765625
offline-run-20260825_040953-ou6lc7af,32,8448,0,0.0,29.883832931518555,0.030952749773859978,1.631821632385254,1221.4674072265625
offline-run-20260825_040953-ou6lc7af,37,9728,0,0.0,34.062660217285156,0.0015989156672731042,1.8712310791015625,1215.74462890625
offline-run-20260825_040953-ou6lc7af,42,11008,0,0.0,30.34877586364746,0.0007408837554976344,2.1771063804626465,1184.191162109375
offline-run-20260825_040953-ou6lc7af,46,12032,0.11764705926179886,0.11764705926179886,26.629432678222656,0.10276458412408829,1.826680064201355,1148.005859375
offline-run-20260825_040953-ou6lc7af,50,13056,0,0.11764705926179886,31.375717163085938,0.059334248304367065,2.5089917182922363,1172.2535400390625
offline-run-20260825_040953-ou6lc7af,55,14336,0,0.11764705926179886,33.51143264770508,0.056634433567523956,1.6419750452041626,1182.3963623046875
offline-run-20260825_040953-ou6lc7af,59,15360,0,0.11764705926179886,30.567659378051758,0.0016887154197320342,1.5695064067840576,1219.9918212890625
offline-run-20260825_040953-ou6lc7af,64,16640,0,0.11764705926179886,31.744274139404297,0.06687656790018082,2.301158905029297,1185.067626953125
offline-run-20260825_040953-ou6lc7af,69,17920,0,0.11764705926179886,33.00417709350586,0.02797556482255459,1.8893346786499023,1179.2086181640625
offline-run-20260825_040953-ou6lc7af,74,19200,0,0.11764705926179886,31.18864631652832,0.035553645342588425,3.3936045169830322,1228.2529296875
offline-run-20260825_040953-ou6lc7af,79,20480,0,0.11764705926179886,30.233078002929688,0.11934882402420044,2.0987987518310547,1238.022705078125
offline-run-20260825_040953-ou6lc7af,84,21760,0,0.11764705926179886,33.1450309753418,0.033167093992233276,2.4404823780059814,1203.39111328125
offline-run-20260825_040953-ou6lc7af,89,23040,0,0.11764705926179886,32.026580810546875,0.03286502882838249,1.9985737800598145,1186.2586669921875
offline-run-20260825_040953-ou6lc7af,94,24320,0,0.11764705926179886,32.143646240234375,0.06286495178937912,1.6842554807662964,1203.289794921875
offline-run-20260825_040953-ou6lc7af,99,25600,0,0.11764705926179886,30.78536033630371,0.04665841534733772,2.691668748855591,1195.2296142578125
offline-run-20260825_040953-ou6lc7af,104,26880,0,0.11764705926179886,31.6553955078125,0.11143946647644043,1.6575597524642944,1191.8681640625
offline-run-20260825_040953-ou6lc7af,109,28160,0,0.11764705926179886,33.38740158081055,0.022169122472405434,2.17454195022583,1216.752197265625
offline-run-20260825_040953-ou6lc7af,114,29440,0.0625,0.18014705926179886,24.305904388427734,0.08661232143640518,1.9822354316711426,1109.977294921875
offline-run-20260825_040953-ou6lc7af,118,30464,0,0.18014705926179886,32.65459060668945,0.06932615488767624,2.118013381958008,1199.9365234375
offline-run-20260825_052906-540oa17h,5,1536,0,0.0,30.5130615234375,0,2.31602144241333,1175.96923828125
offline-run-20260825_052906-540oa17h,10,2816,0,0.0,31.697172164916992,0,2.7077550888061523,1214.260986328125
offline-run-20260825_052906-540oa17h,15,4096,0,0.0,31.778141021728516,0.05209152773022652,2.5585508346557617,1164.0570068359375
offline-run-20260825_052906-540oa17h,20,5376,0,0.0,33.068092346191406,0.008559329435229301,2.4434664249420166,1183.1455078125
offline-run-20260825_052906-540oa17h,25,6656,0.05263157933950424,0.05263157933950424,30.614477157592773,0.08529846370220184,1.4164165258407593,1193.52587890625
offline-run-20260825_052906-540oa17h,29,7680,0,0.05263157933950424,30.974193572998047,1.548710604204473e-09,1.7521650791168213,1183.9388427734375
offline-run-20260825_052906-540oa17h,34,8960,0,0.05263157933950424,31.028766632080078,4.099200268115055e-08,2.51963210105896,1221.005615234375
offline-run-20260825_052906-540oa17h,39,10240,0,0.05263157933950424,31.679433822631836,0.03706462308764458,1.7982677221298218,1188.89013671875
offline-run-20260825_052906-540oa17h,44,11520,0.05882352963089943,0.11145510897040367,27.024978637695312,0.11596183478832245,1.847452998161316,1175.2926025390625
offline-run-20260825_052906-540oa17h,49,12800,0,0.11145510897040367,32.98811340332031,0.021176472306251526,2.288494348526001,1177.3875732421875
offline-run-20260825_052906-540oa17h,54,14080,0,0.11145510897040367,31.202653884887695,0.068013995885849,1.8225184679031372,1223.9376220703125
offline-run-20260825_052906-540oa17h,59,15360,0,0.11145510897040367,33.028865814208984,0.06179957836866379,2.0189208984375,1204.57177734375
offline-run-20260825_052906-540oa17h,64,16640,0,0.11145510897040367,33.45216751098633,7.770678198126824e-12,2.472860813140869,1200.23974609375
offline-run-20260825_052906-540oa17h,69,17920,0,0.11145510897040367,33.57456970214844,0,2.0352649688720703,1236.967529296875
offline-run-20260825_052906-540oa17h,74,19200,0,0.11145510897040367,31.56454086303711,0,2.2197322845458984,1193.396484375
offline-run-20260825_052906-540oa17h,78,20224,0,0.11145510897040367,30.25074005126953,0.007765775080770254,2.4793033599853516,1181.76123046875
offline-run-20260825_052906-540oa17h,83,21504,0,0.11145510897040367,30.207805633544922,0.0941006988286972,1.3806742429733276,1245.6397705078125
offline-run-20260825_052906-540oa17h,88,22784,0,0.11145510897040367,32.68071746826172,5.074815567773783e-10,2.181872606277466,1177.8184814453125
offline-run-20260825_052906-540oa17h,93,24064,0,0.11145510897040367,33.49268341064453,0.011111111380159855,2.213167905807495,1224.234619140625
offline-run-20260825_052906-540oa17h,98,25344,0,0.11145510897040367,30.460729598999023,0.03239539638161659,2.6863393783569336,1249.4407958984375
offline-run-20260825_052906-540oa17h,103,26624,0,0.11145510897040367,34.365699768066406,0,1.8282119035720825,1221.6240234375
offline-run-20260825_052906-540oa17h,108,27904,0.05263157933950424,0.1640866883099079,30.844627380371094,0.07350339740514755,1.572237491607666,1238.40625
offline-run-20260825_052906-540oa17h,113,29184,0,0.1640866883099079,30.43692970275879,0.10007555037736893,2.759626865386963,1216.6318359375
offline-run-20260825_052906-540oa17h,118,30464,0,0.1640866883099079,32.140071868896484,0.013623179867863655,1.701130986213684,1200.00927734375
